time_s,signal_au
0.000000000000000000e+00,1.383896526736737561e-87
5.000000000000000278e-02,2.693965311215074001e-87
1.000000000000000056e-01,5.238390012467746737e-87
1.499999999999999944e-01,1.017468823416086474e-86
2.000000000000000111e-01,1.974066789948084992e-86
2.500000000000000000e-01,3.825780282627351004e-86
2.999999999999999889e-01,7.406203778867536051e-86
3.499999999999999778e-01,1.432150769469023271e-85
4.000000000000000222e-01,2.766299986280723652e-85
4.500000000000000111e-01,5.337369371298741030e-85
5.000000000000000000e-01,1.028661993792368676e-84
5.500000000000000444e-01,1.980320940258887572e-84
5.999999999999999778e-01,3.808166392560664346e-84
6.500000000000000222e-01,7.314989428410143277e-84
6.999999999999999556e-01,1.403553398759808275e-83
7.500000000000000000e-01,2.690057902582769741e-83
8.000000000000000444e-01,5.150053808895380051e-83
8.499999999999999778e-01,9.848710139292035969e-83
9.000000000000000222e-01,1.881327463938536825e-82
9.499999999999999556e-01,3.589772164730318164e-82
1.000000000000000000e+00,6.842059184017642557e-82
1.050000000000000044e+00,1.302639424290391454e-81
1.100000000000000089e+00,2.477302608278480516e-81
1.149999999999999911e+00,4.705993819411699212e-81
1.199999999999999956e+00,8.929786911572053245e-81
1.250000000000000000e+00,1.692576431917964567e-80
1.300000000000000044e+00,3.204593397600795845e-80
1.350000000000000089e+00,6.060591723908627178e-80
1.399999999999999911e+00,1.144918502527034621e-79
1.449999999999999956e+00,2.160486564434214958e-79
1.500000000000000000e+00,4.072358625761175429e-79
1.550000000000000044e+00,7.667572897578154266e-79
1.600000000000000089e+00,1.442073052297450337e-78
1.649999999999999911e+00,2.709156287889915888e-78
1.699999999999999956e+00,5.083915324919968024e-78
1.750000000000000000e+00,9.529717093257571968e-78
1.800000000000000044e+00,1.784346355085714562e-77
1.850000000000000089e+00,3.337303920714048053e-77
1.899999999999999911e+00,6.234904558596549083e-77
1.949999999999999956e+00,1.163539982953460214e-76
2.000000000000000000e+00,2.168953613135184545e-76
2.049999999999999822e+00,4.038654177089247746e-76
2.100000000000000089e+00,7.511739530735143552e-76
2.149999999999999911e+00,1.395602775386975438e-75
2.200000000000000178e+00,2.590004860449690168e-75
2.250000000000000000e+00,4.801277241771781829e-75
2.299999999999999822e+00,8.890587080657555516e-75
2.350000000000000089e+00,1.644453306768592903e-74
2.399999999999999911e+00,3.038296150731734063e-74
2.450000000000000178e+00,5.607329937897900609e-74
2.500000000000000000e+00,1.033712026567320257e-73
2.549999999999999822e+00,1.903533295789543443e-73
2.600000000000000089e+00,3.501376696485674386e-73
2.649999999999999911e+00,6.433312483579385741e-73
2.700000000000000178e+00,1.180722684582418628e-72
2.750000000000000000e+00,2.164604804991915741e-72
2.799999999999999822e+00,3.963937330506389071e-72
2.850000000000000089e+00,7.250907950458115692e-72
2.899999999999999911e+00,1.324876675954346190e-71
2.950000000000000178e+00,2.418109525377103871e-71
3.000000000000000000e+00,4.408531331463226361e-71
3.049999999999999822e+00,8.028406356235556863e-71
3.100000000000000089e+00,1.460434928164298832e-70
3.149999999999999911e+00,2.653704291003706228e-70
3.200000000000000178e+00,4.816596800479225247e-70
3.250000000000000000e+00,8.732639048665154361e-70
3.299999999999999822e+00,1.581496287947994955e-69
3.350000000000000089e+00,2.860937002328924073e-69
3.399999999999999911e+00,5.169706210241177332e-69
3.450000000000000178e+00,9.331272714938420129e-69
3.500000000000000000e+00,1.682415852712752778e-68
3.549999999999999822e+00,3.030004490013747490e-68
3.600000000000000089e+00,5.450930475734713586e-68
3.649999999999999911e+00,9.795248632674210972e-68
3.700000000000000178e+00,1.758238299775140447e-67
3.750000000000000000e+00,3.152517155145025358e-67
3.799999999999999822e+00,5.646178859912576235e-67
3.850000000000000089e+00,1.010111359848922935e-66
3.899999999999999911e+00,1.805100262993544785e-66
3.950000000000000178e+00,3.222187839365038067e-66
4.000000000000000000e+00,5.745367715230644500e-66
4.049999999999999822e+00,1.023298306953992709e-65
4.099999999999999645e+00,1.820556376461621180e-65
4.150000000000000355e+00,3.235366312577824227e-65
4.200000000000000178e+00,5.743283267428818064e-65
4.250000000000000000e+00,1.018390794862133208e-64
4.299999999999999822e+00,1.803790702001197340e-64
4.349999999999999645e+00,3.191356149267780778e-64
4.400000000000000355e+00,5.640035704434195092e-64
4.450000000000000178e+00,9.956481333372916501e-64
4.500000000000000000e+00,1.755688097854826509e-63
4.549999999999999822e+00,3.092475706811678696e-63
4.599999999999999645e+00,5.441049525470719571e-63
4.650000000000000355e+00,9.562611494352784946e-63
4.700000000000000178e+00,1.678756840170259720e-62
4.750000000000000000e+00,2.943855774643180051e-62
4.799999999999999822e+00,5.156591326842038103e-62
4.849999999999999645e+00,9.022488744803568557e-62
4.900000000000000355e+00,1.576911915078002814e-61
4.950000000000000178e+00,2.752998476149739691e-61
5.000000000000000000e+00,4.800892238919127879e-61
5.049999999999999822e+00,8.362870954457295975e-61
5.099999999999999645e+00,1.455145040201712185e-60
5.150000000000000355e+00,2.529150201094127878e-60
5.200000000000000178e+00,4.390969405847386814e-60
5.250000000000000000e+00,7.614890293736369701e-60
5.299999999999999822e+00,1.319120110123565134e-59
5.349999999999999645e+00,2.282561470697076495e-59
5.400000000000000355e+00,3.945282205217231187e-59
5.450000000000000178e+00,6.811631037735622681e-59
5.500000000000000000e+00,1.174739598533487329e-58
5.549999999999999822e+00,2.023715935808144444e-58
5.599999999999999645e+00,3.482370261045579132e-58
5.650000000000000355e+00,5.985739187692003129e-58
5.700000000000000178e+00,1.027727753425278393e-57
5.750000000000000000e+00,1.762608378400842032e-57
5.799999999999999822e+00,3.019611191126542782e-57
5.849999999999999645e+00,5.167299960060819777e-57
5.900000000000000355e+00,8.832705901405170028e-57
5.950000000000000178e+00,1.508138816570217861e-56
6.000000000000000000e+00,2.572209372642414812e-56
6.049999999999999822e+00,4.382165398517209028e-56
6.099999999999999645e+00,7.457421060574875148e-56
6.150000000000000355e+00,1.267669423077089453e-55
6.200000000000000178e+00,2.152488380399833754e-55
6.250000000000000000e+00,3.650842242883424034e-55
6.299999999999999822e+00,6.185328486824387893e-55
6.349999999999999645e+00,1.046766755327866857e-54
6.400000000000000355e+00,1.769516123732998551e-54
6.450000000000000178e+00,2.987972374298445601e-54
6.500000000000000000e+00,5.039832258351252818e-54
6.549999999999999822e+00,8.491277550750532822e-54
6.599999999999999645e+00,1.429050058370502504e-53
6.650000000000000355e+00,2.402366692016431038e-53
6.700000000000000178e+00,4.034118064524051801e-53
6.750000000000000000e+00,6.766675675168404233e-53
6.799999999999999822e+00,1.133755923127139072e-52
6.849999999999999645e+00,1.897497564586608066e-52
6.900000000000000355e+00,3.172198357444910545e-52
6.950000000000000178e+00,5.297328376005860870e-52
7.000000000000000000e+00,8.836309217492220946e-52
7.049999999999999822e+00,1.472320522248745365e-51
7.099999999999999645e+00,2.450480645471948555e-51
7.150000000000000355e+00,4.073968233799309180e-51
7.200000000000000178e+00,6.765524179769432733e-51
7.250000000000000000e+00,1.122283849964804598e-50
7.299999999999999822e+00,1.859608089238757255e-50
7.349999999999999645e+00,3.077921863762857157e-50
7.400000000000000355e+00,5.088751051564795159e-50
7.450000000000000178e+00,8.403926979339319676e-50
7.500000000000000000e+00,1.386343293641170600e-49
7.549999999999999822e+00,2.284424199563478720e-49
7.599999999999999645e+00,3.760106699350621129e-49
7.650000000000000355e+00,6.182171324129458468e-49
7.700000000000000178e+00,1.015311614591048972e-48
7.750000000000000000e+00,1.665616915830764109e-48
7.799999999999999822e+00,2.729407257190386436e-48
7.849999999999999645e+00,4.467648651568672781e-48
7.900000000000000355e+00,7.304779852210567032e-48
7.950000000000000178e+00,1.193033676007286302e-47
8.000000000000000000e+00,1.946326627314332334e-47
8.050000000000000711e+00,3.171729898969181155e-47
8.099999999999999645e+00,5.162904820056606004e-47
8.150000000000000355e+00,8.394783338773911684e-47
8.199999999999999289e+00,1.363459730349888843e-46
8.250000000000000000e+00,2.212038033600996231e-46
8.300000000000000711e+00,3.584761897413752455e-46
8.349999999999999645e+00,5.802905394242234508e-46
8.400000000000000355e+00,9.383138272830622232e-46
8.449999999999999289e+00,1.515542755374990465e-45
8.500000000000000000e+00,2.445151202455515526e-45
8.550000000000000711e+00,3.940584981426071589e-45
8.599999999999999645e+00,6.343561083407584921e-45
8.650000000000000355e+00,1.020053628473748817e-44
8.699999999999999289e+00,1.638439217006841476e-44
8.750000000000000000e+00,2.628785281955007704e-44
8.800000000000000711e+00,4.213057099957792262e-44
8.849999999999999645e+00,6.744612862128624827e-44
8.900000000000000355e+00,1.078534789025182391e-43
8.949999999999999289e+00,1.722775712694859170e-43
9.000000000000000000e+00,2.748785007910214747e-43
9.050000000000000711e+00,4.380969775687366370e-43
9.099999999999999645e+00,6.974566043980050209e-43
9.150000000000000355e+00,1.109127761255028095e-42
9.199999999999999289e+00,1.761827607330071281e-42
9.250000000000000000e+00,2.795520599304137287e-42
9.300000000000000711e+00,4.430772312412949856e-42
9.349999999999999645e+00,7.014772974702942938e-42
9.400000000000000355e+00,1.109341493888672267e-41
9.449999999999999289e+00,1.752404443738493799e-41
9.500000000000000000e+00,2.765163938648107875e-41
9.550000000000000711e+00,4.358377799822576485e-41
9.599999999999999645e+00,6.861930476761462698e-41
9.650000000000000355e+00,1.079158420982110776e-40
9.699999999999999289e+00,1.695280415811719068e-40
9.750000000000000000e+00,2.660206415943986632e-40
9.800000000000000711e+00,4.169716985013916269e-40
9.849999999999999645e+00,6.528528005194657264e-40
9.900000000000000355e+00,1.021036846089381488e-39
9.949999999999999289e+00,1.595089325120272079e-39
1.000000000000000000e+01,2.489121253327512548e-39
1.005000000000000071e+01,3.879935876284451538e-39
1.009999999999999964e+01,6.041162163089212639e-39
1.015000000000000036e+01,9.395802727559425787e-39
1.019999999999999929e+01,1.459703793209552798e-38
1.025000000000000000e+01,2.265233803742758095e-38
1.030000000000000071e+01,3.511387686238995335e-38
1.034999999999999964e+01,5.437033141932361108e-38
1.040000000000000036e+01,8.409353892089055580e-38
1.044999999999999929e+01,1.299214111292646357e-37
1.050000000000000000e+01,2.005008781961654071e-37
1.055000000000000071e+01,3.090788445004512158e-37
1.059999999999999964e+01,4.759263289845287030e-37
1.065000000000000036e+01,7.320278991059906055e-37
1.069999999999999929e+01,1.124690393755914653e-36
1.075000000000000000e+01,1.726059604818320087e-36
1.080000000000000071e+01,2.646037790687659590e-36
1.084999999999999964e+01,4.051853614056160417e-36
1.090000000000000036e+01,6.197676469938545338e-36
1.094999999999999929e+01,9.469379172715780181e-36
1.100000000000000000e+01,1.445212012954145837e-35
1.105000000000000071e+01,2.203226108611832345e-35
1.109999999999999964e+01,3.355088856231145805e-35
1.115000000000000036e+01,5.103480200370232340e-35
1.119999999999999929e+01,7.754365945643268884e-35
1.125000000000000000e+01,1.176910943921672278e-34
1.130000000000000071e+01,1.784260909008541823e-34
1.134999999999999964e+01,2.702032514363187936e-34
1.140000000000000036e+01,4.087334972865887512e-34
1.144999999999999929e+01,6.176000783443220713e-34
1.150000000000000000e+01,9.321630933398904993e-34
1.155000000000000071e+01,1.405380477762932194e-33
1.159999999999999964e+01,2.116476151981941889e-33
1.165000000000000036e+01,3.183833094634401930e-33
1.169999999999999929e+01,4.784148555816767301e-33
1.175000000000000000e+01,7.180860192938406135e-33
1.180000000000000071e+01,1.076628163983068189e-32
1.184999999999999964e+01,1.612398748050232495e-32
1.190000000000000036e+01,2.412107275415648312e-32
1.194999999999999929e+01,3.604443609449441274e-32
1.200000000000000000e+01,5.380186160021138245e-32
1.205000000000000071e+01,8.021836777272827647e-32
1.209999999999999964e+01,1.194724554625350391e-31
1.215000000000000036e+01,1.777375579568326049e-31
1.219999999999999929e+01,2.641241294397271556e-31
1.225000000000000000e+01,3.920616821810786253e-31
1.230000000000000071e+01,5.813238884889628056e-31
1.234999999999999964e+01,8.609925456264907065e-31
1.240000000000000036e+01,1.273790669844901308e-30
1.244999999999999929e+01,1.882409847594948269e-30
1.250000000000000000e+01,2.778739018317110183e-30
1.255000000000000071e+01,4.097309618032618118e-30
1.259999999999999964e+01,6.034860805971005475e-30
1.265000000000000036e+01,8.878777698214594942e-30
1.269999999999999929e+01,1.304837886218866067e-29
1.275000000000000000e+01,1.915478951967147905e-29
1.280000000000000071e+01,2.808766656183209036e-29
1.284999999999999964e+01,4.114067264618660153e-29
1.290000000000000036e+01,6.019280276816485762e-29
1.294999999999999929e+01,8.797012201458269034e-29
1.300000000000000000e+01,1.284231367267601212e-28
1.305000000000000071e+01,1.872702554456246188e-28
1.309999999999999964e+01,2.727795339377004287e-28
1.315000000000000036e+01,3.968918799628999727e-28
1.319999999999999929e+01,5.768329961247802184e-28
1.325000000000000000e+01,8.374240454606375895e-28
1.330000000000000071e+01,1.214390075507689522e-27
1.334999999999999964e+01,1.759091549684766248e-27
1.340000000000000036e+01,2.545283287706010307e-27
1.344999999999999929e+01,3.678758343603809364e-27
1.350000000000000000e+01,5.311092249679095210e-27
1.355000000000000071e+01,7.659208289512496085e-27
1.359999999999999964e+01,1.103319683237553318e-26
1.365000000000000036e+01,1.587582498264543455e-26
1.369999999999999929e+01,2.281858393019591162e-26
1.375000000000000000e+01,3.276110390934743293e-26
1.380000000000000071e+01,4.698354860898080747e-26
1.384999999999999964e+01,6.730549988872002179e-26
1.390000000000000036e+01,9.631030174396242152e-26
1.394999999999999929e+01,1.376614638661903137e-25
1.400000000000000000e+01,1.965483824163674357e-25
1.405000000000000071e+01,2.803135006325425571e-25
1.409999999999999964e+01,3.993337409857663016e-25
1.415000000000000036e+01,5.682578566131012103e-25
1.419999999999999929e+01,8.077413979760504709e-25
1.425000000000000000e+01,1.146876582225596044e-24
1.430000000000000071e+01,1.626591427110252322e-24
1.434999999999999964e+01,2.304399241296654433e-24
1.440000000000000036e+01,3.261027180711029010e-24
1.444999999999999929e+01,4.609656503071806321e-24
1.450000000000000000e+01,6.508788515467854292e-24
1.455000000000000071e+01,9.180137950959343456e-24
1.459999999999999964e+01,1.293348920258635391e-23
1.465000000000000036e+01,1.820118453492776667e-23
1.469999999999999929e+01,2.558592081048649580e-23
1.475000000000000000e+01,3.592691285371110321e-23
1.480000000000000071e+01,5.039137399995836827e-23
1.484999999999999964e+01,7.060085337262556408e-23
1.490000000000000036e+01,9.880550708905770368e-23
1.494999999999999929e+01,1.381242086421786533e-22
1.500000000000000000e+01,1.928749847963917821e-22
1.505000000000000071e+01,2.690292230661091403e-22
1.509999999999999964e+01,3.748352800616475704e-22
1.515000000000000036e+01,5.216736662027037611e-22
1.519999999999999929e+01,7.252284265267118991e-22
1.525000000000000000e+01,1.007089744733547215e-21
1.530000000000000071e+01,1.396943943147118847e-21
1.534999999999999964e+01,1.935562658859901718e-21
1.540000000000000036e+01,2.678878037078136176e-21
1.544999999999999929e+01,3.703531977652318378e-21
1.550000000000000000e+01,5.114423731803747206e-21
1.555000000000000071e+01,7.054963398858179515e-21
1.559999999999999964e+01,9.720985020300780347e-21
1.565000000000000036e+01,1.337960319013072177e-20
1.569999999999999929e+01,1.839473956719954046e-20
1.575000000000000000e+01,2.526163780925692549e-20
1.580000000000000071e+01,3.465347689826323281e-20
1.584999999999999964e+01,4.748424937687827358e-20
1.590000000000000036e+01,6.499347972070847194e-20
1.594999999999999929e+01,8.886023398157029628e-20
1.600000000000000000e+01,1.213563668125787536e-19
1.605000000000000071e+01,1.655522662098786194e-19
1.610000000000000142e+01,2.255927533244976616e-19
1.614999999999999858e+01,3.070666210286746354e-19
1.619999999999999929e+01,4.175010055850484805e-19
1.625000000000000000e+01,5.670219774923922465e-19
1.630000000000000071e+01,7.692361919202115142e-19
1.635000000000000142e+01,1.042406178390167340e-18
1.639999999999999858e+01,1.411015208968635992e-18
1.644999999999999929e+01,1.907848406476205749e-18
1.650000000000000000e+01,2.576757109154981043e-18
1.655000000000000071e+01,3.476326449735373079e-18
1.660000000000000142e+01,4.684735473535560712e-18
1.664999999999999858e+01,6.306189893986402619e-18
1.669999999999999929e+01,8.479426221909493254e-18
1.675000000000000000e+01,1.138894086518224875e-17
1.680000000000000071e+01,1.527979968287315613e-17
1.685000000000000142e+01,2.047714634153685062e-17
1.689999999999999858e+01,2.741186964566020789e-17
1.694999999999999929e+01,3.665433395601019111e-17
1.700000000000000000e+01,4.895865264586114000e-17
1.705000000000000071e+01,6.532073051476896366e-17
1.710000000000000142e+01,8.705426622296249558e-17
1.714999999999999858e+01,1.158901529352228374e-16
1.719999999999999929e+01,1.541063248064513494e-16
1.725000000000000000e+01,2.046971713164204313e-16
1.730000000000000071e+01,2.715943116653810741e-16
1.735000000000000142e+01,3.599539542243556600e-16
1.739999999999999858e+01,4.765304735299087818e-16
1.744999999999999929e+01,6.301614890334134623e-16
1.750000000000000000e+01,8.323969676981107123e-16
1.755000000000000071e+01,1.098314129828604920e-15
1.760000000000000142e+01,1.447571762397272413e-15
1.764999999999999858e+01,1.905772629268163604e-15
1.769999999999999929e+01,2.506221887145238979e-15
1.775000000000000000e+01,3.292193871172515962e-15
1.780000000000000071e+01,4.319850690848462551e-15
1.785000000000000142e+01,5.661995516948950406e-15
1.789999999999999858e+01,7.412893429109850750e-15
1.794999999999999929e+01,9.694455970584867878e-15
1.800000000000000000e+01,1.266416554909417554e-14
1.805000000000000071e+01,1.652521681411632484e-14
1.810000000000000142e+01,2.153947947697268434e-14
1.814999999999999858e+01,2.804404738222767366e-14
1.819999999999999929e+01,3.647234027722568002e-14
1.825000000000000000e+01,4.738097796288128902e-14
1.830000000000000071e+01,6.148396412704777773e-14
1.835000000000000142e+01,7.969611500334048149e-14
1.839999999999999858e+01,1.031881656655464800e-13
1.844999999999999929e+01,1.334566084821984340e-13
1.850000000000000000e+01,1.724120939035505927e-13
1.855000000000000071e+01,2.224911901568661592e-13
1.860000000000000142e+01,2.867975008888117988e-13
1.864999999999999858e+01,3.692796339730873682e-13
1.869999999999999929e+01,4.749553688741370504e-13
1.875000000000000000e+01,6.101936677605323931e-13
1.880000000000000071e+01,7.830690192960236728e-13
1.885000000000000142e+01,1.003806118649058037e-12
1.889999999999999858e+01,1.285337225133636589e-12
1.894999999999999929e+01,1.643999885586919255e-12
1.900000000000000000e+01,2.100409292732260208e-12
1.905000000000000071e+01,2.680547637312607011e-12
1.910000000000000142e+01,3.417122742803036579e-12
1.914999999999999858e+01,4.351260444011039131e-12
1.919999999999999929e+01,5.534610071701013506e-12
1.925000000000000000e+01,7.031960620840752324e-12
1.930000000000000071e+01,8.924487416632567070e-12
1.935000000000000142e+01,1.131377620006540837e-11
1.939999999999999858e+01,1.432680455423897520e-11
1.944999999999999929e+01,1.812210070857919631e-11
1.950000000000000000e+01,2.289734845645552983e-11
1.955000000000000071e+01,2.889876595553953985e-11
1.960000000000000142e+01,3.643265764184794587e-11
1.964999999999999858e+01,4.587962487139259258e-11
1.969999999999999929e+01,5.771202517466116983e-11
1.975000000000000000e+01,7.251539569325321777e-11
1.980000000000000071e+01,9.101470764487967394e-11
1.985000000000000142e+01,1.141065004817488156e-10
1.989999999999999858e+01,1.428981626184501195e-10
1.994999999999999929e+01,1.787558871127981182e-10
2.000000000000000000e+01,2.233631436203158243e-10
2.005000000000000071e+01,2.787918818766656275e-10
2.010000000000000142e+01,3.475891281239959241e-10
2.014999999999999858e+01,4.328821674522559069e-10
2.019999999999999929e+01,5.385061373786439639e-10
2.025000000000000000e+01,6.691586091292781558e-10
2.030000000000000071e+01,8.305866239949088462e-10
2.035000000000000142e+01,1.029812707220964577e-09
2.039999999999999858e+01,1.275407629526035055e-09
2.044999999999999929e+01,1.577819159413251858e-09
2.050000000000000000e+01,1.949767786017237700e-09
2.055000000000000071e+01,2.406722436301052046e-09
2.060000000000000142e+01,2.967471612701910432e-09
2.064999999999999858e+01,3.654808196197357213e-09
2.069999999999999929e+01,4.496349462280853513e-09
2.075000000000000000e+01,5.525517720366711436e-09
2.080000000000000071e+01,6.782711498648349762e-09
2.085000000000000142e+01,8.316702456828392076e-09
2.089999999999999858e+01,1.018629933286054109e-08
2.094999999999999929e+01,1.246232734700328046e-08
2.100000000000000000e+01,1.522997974471262915e-08
2.105000000000000071e+01,1.859160772634987250e-08
2.110000000000000142e+01,2.267002607515682861e-08
2.114999999999999858e+01,2.761242456828015374e-08
2.119999999999999929e+01,3.359498997812266845e-08
2.125000000000000000e+01,4.082836041142517987e-08
2.130000000000000071e+01,4.956405319172498118e-08
2.135000000000000142e+01,6.010202980257658557e-08
2.139999999999999858e+01,7.279958694767356107e-08
2.144999999999999929e+01,8.808179196460557097e-08
2.150000000000000000e+01,1.064537141107602414e-07
2.155000000000000071e+01,1.285147411304401323e-07
2.160000000000000142e+01,1.549753135702907599e-07
2.164999999999999858e+01,1.866764581494614953e-07
2.169999999999999929e+01,2.246125567831581713e-07
2.175000000000000000e+01,2.699578503363014081e-07
2.180000000000000071e+01,3.240972466450009906e-07
2.185000000000000142e+01,3.886620816507735794e-07
2.189999999999999858e+01,4.655715715783053263e-07
2.194999999999999929e+01,5.570807939543031328e-07
2.200000000000000000e+01,6.658361469857315029e-07
2.205000000000000071e+01,7.949393615349140726e-07
2.210000000000000142e+01,9.480212788595843529e-07
2.214999999999999858e+01,1.129326761709477885e-06
2.219999999999999929e+01,1.343812277631519087e-06
2.225000000000000000e+01,1.597257882834313520e-06
2.230000000000000071e+01,1.896395544153429109e-06
2.235000000000000142e+01,2.249055967032358596e-06
2.239999999999999858e+01,2.664336350513880902e-06
2.244999999999999929e+01,3.152791767556194452e-06
2.250000000000000000e+01,3.726653172078670938e-06
2.255000000000000071e+01,4.400075364510592746e-06
2.260000000000000142e+01,5.189418606715302141e-06
2.264999999999999858e+01,6.113567966371369159e-06
2.269999999999999929e+01,7.194294891475064447e-06
2.275000000000000000e+01,8.456665968701121430e-06
2.280000000000000071e+01,9.929504305851081150e-06
2.285000000000000142e+01,1.164590949921337142e-05
2.289999999999999858e+01,1.364384270176370812e-05
2.294999999999999929e+01,1.596678389780471655e-05
2.300000000000000000e+01,1.866446911352053717e-05
2.305000000000000071e+01,2.179371595020307347e-05
2.310000000000000142e+01,2.541934651619938272e-05
2.314999999999999858e+01,2.961521755297763690e-05
2.319999999999999929e+01,3.446536829740826655e-05
2.325000000000000000e+01,4.006529739295106870e-05
2.330000000000000071e+01,4.652338095260766346e-05
2.335000000000000142e+01,5.396244468093582794e-05
2.339999999999999858e+01,6.252150377481992163e-05
2.344999999999999929e+01,7.235768513558232676e-05
2.350000000000000000e+01,8.364834722972767347e-05
2.355000000000000071e+01,9.659341372218400903e-05
2.360000000000000142e+01,1.114179377629494677e-04
2.364999999999999858e+01,1.283749145228173932e-04
2.369999999999999929e+01,1.477483602320336378e-04
2.375000000000000000e+01,1.698566765614103785e-04
2.380000000000000071e+01,1.950563196812978831e-04
2.385000000000000142e+01,2.237457937206217460e-04
2.389999999999999858e+01,2.563699886055423164e-04
2.394999999999999929e+01,2.934248823627704427e-04
2.400000000000000000e+01,3.354626279025118532e-04
2.405000000000000071e+01,3.830970440253849492e-04
2.410000000000000142e+01,4.370095298997492728e-04
2.414999999999999858e+01,4.979554215032721848e-04
2.419999999999999929e+01,5.667708074866468528e-04
2.425000000000000000e+01,6.443798205686075741e-04
2.430000000000000071e+01,7.318024188804740735e-04
2.435000000000000142e+01,8.301626696148609128e-04
2.439999999999999858e+01,9.406975448678998181e-04
2.444999999999999929e+01,1.064766236667917662e-03
2.450000000000000000e+01,1.203859994828204022e-03
2.455000000000000071e+01,1.359612487421504260e-03
2.460000000000000142e+01,1.533810679324468457e-03
2.464999999999999858e+01,1.728406219400948404e-03
2.469999999999999929e+01,1.945527321465925340e-03
2.475000000000000000e+01,2.187491118182885094e-03
2.480000000000000071e+01,2.456816460489289616e-03
2.485000000000000142e+01,2.756237128012449956e-03
2.489999999999999858e+01,3.088715408236760492e-03
2.494999999999999929e+01,3.457455993922398281e-03
2.500000000000000000e+01,3.865920139472804086e-03
2.505000000000000071e+01,4.317840007633089346e-03
2.510000000000000142e+01,4.817233128106203355e-03
2.514999999999999858e+01,5.368416879448585990e-03
2.519999999999999929e+01,5.976022895005932319e-03
2.525000000000000000e+01,6.645011282741404221e-03
2.530000000000000071e+01,7.380684537674262954e-03
2.535000000000000142e+01,8.188701014374097018e-03
2.539999999999999858e+01,9.075087815651528000e-03
2.544999999999999929e+01,1.004625294236411066e-02
2.550000000000000000e+01,1.110899653824230608e-02
2.555000000000000071e+01,1.227052105297827059e-02
2.560000000000000142e+01,1.353844013665240521e-02
2.564999999999999858e+01,1.492078606906780194e-02
2.569999999999999929e+01,1.642601551888553044e-02
2.575000000000000000e+01,1.806301341978127500e-02
2.580000000000000071e+01,1.984109474437032242e-02
2.585000000000000142e+01,2.177000395154841256e-02
2.589999999999999858e+01,2.385991187938018426e-02
2.594999999999999929e+01,2.612140985391818784e-02
2.600000000000000000e+01,2.856550078455037667e-02
2.605000000000000071e+01,3.120358701884913544e-02
2.610000000000000142e+01,3.404745473459940691e-02
2.614999999999999858e+01,3.710925465390478573e-02
2.619999999999999929e+01,4.040147887416320471e-02
2.625000000000000000e+01,4.393693362340741343e-02
2.630000000000000071e+01,4.772870776316419372e-02
2.635000000000000142e+01,5.179013688067359011e-02
2.639999999999999858e+01,5.613476283413360024e-02
2.644999999999999929e+01,6.077628863962410838e-02
2.650000000000000000e+01,6.572852861653044609e-02
2.655000000000000071e+01,7.100535373963706709e-02
2.660000000000000142e+01,7.662063218049365576e-02
2.664999999999999858e+01,8.258816505811472641e-02
2.669999999999999929e+01,8.892161745938621797e-02
2.675000000000000000e+01,9.563444483253864814e-02
2.680000000000000071e+01,1.027398149024944390e-01
2.685000000000000142e+01,1.102505253044854111e-01
2.689999999999999858e+01,1.181789171817802936e-01
2.694999999999999929e+01,1.265367850442716824e-01
2.700000000000000000e+01,1.353352832366127023e-01
2.705000000000000071e+01,1.445848294171572790e-01
2.710000000000000142e+01,1.542950055015685495e-01
2.714999999999999858e+01,1.644744565771545652e-01
2.719999999999999929e+01,1.751307883451508340e-01
2.725000000000000000e+01,1.862704636977009498e-01
2.730000000000000071e+01,1.978986990836148208e-01
2.735000000000000142e+01,2.100193613613884902e-01
2.739999999999999858e+01,2.226348658788905588e-01
2.744999999999999929e+01,2.357460765558633542e-01
2.750000000000000000e+01,2.493522087772961637e-01
2.755000000000000071e+01,2.634507359322569298e-01
2.760000000000000142e+01,2.780373004531945802e-01
2.764999999999999858e+01,2.931056302245982903e-01
2.769999999999999929e+01,3.086474612366186809e-01
2.775000000000000000e+01,3.246524673583497389e-01
2.780000000000000071e+01,3.411081980965923188e-01
2.785000000000000142e+01,3.580000251886001350e-01
2.789999999999999858e+01,3.753110988513990165e-01
2.794999999999999929e+01,3.930223144755087272e-01
2.800000000000000000e+01,4.111122905071874500e-01
2.805000000000000071e+01,4.295573582107393706e-01
2.810000000000000142e+01,4.483315639409435338e-01
2.814999999999999858e+01,4.674066844856182845e-01
2.819999999999999929e+01,4.867522559599714027e-01
2.825000000000000000e+01,5.063356166481005616e-01
2.830000000000000071e+01,5.261219640934567954e-01
2.835000000000000142e+01,5.460744266397100644e-01
2.839999999999999858e+01,5.661541495171970029e-01
2.844999999999999929e+01,5.863203954586981848e-01
2.850000000000000000e+01,6.065306597126334243e-01
2.855000000000000071e+01,6.267407992029931929e-01
2.860000000000000142e+01,6.469051754643529994e-01
2.864999999999999858e+01,6.669768108584738231e-01
2.869999999999999929e+01,6.869075574573875187e-01
2.875000000000000000e+01,7.066482778577162227e-01
2.880000000000000071e+01,7.261490370736911615e-01
2.885000000000000142e+01,7.453593045429810493e-01
2.889999999999999858e+01,7.642281651714899482e-01
2.894999999999999929e+01,7.827045382418679198e-01
2.900000000000000000e+01,8.007374029168080609e-01
2.905000000000000071e+01,8.182760289835494527e-01
2.910000000000000142e+01,8.352702114112724452e-01
2.914999999999999858e+01,8.516705072294404877e-01
2.919999999999999929e+01,8.674284731834105422e-01
2.925000000000000000e+01,8.824969025845953441e-01
2.930000000000000071e+01,8.968300597468690238e-01
2.935000000000000142e+01,9.103839103891426809e-01
2.939999999999999858e+01,9.231163463866354224e-01
2.944999999999999929e+01,9.349874032704529325e-01
2.950000000000000000e+01,9.459594689067654105e-01
2.955000000000000071e+01,9.559974818331000712e-01
2.960000000000000142e+01,9.650691177896806305e-01
2.964999999999999858e+01,9.731449630580507604e-01
2.969999999999999929e+01,9.801986733067552526e-01
2.975000000000000000e+01,9.862071167439162567e-01
2.980000000000000071e+01,9.911505004882849024e-01
2.985000000000000142e+01,9.950124791926824308e-01
2.989999999999999858e+01,9.977802450856063654e-01
2.994999999999999929e+01,9.994445987368580919e-01
3.000000000000000000e+01,1.000000000000000000e+00
3.005000000000000071e+01,9.994445987368580919e-01
3.010000000000000142e+01,9.977802450856063654e-01
3.014999999999999858e+01,9.950124791926824308e-01
3.019999999999999929e+01,9.911505004882849024e-01
3.025000000000000000e+01,9.862071167439162567e-01
3.030000000000000071e+01,9.801986733067552526e-01
3.035000000000000142e+01,9.731449630580507604e-01
3.039999999999999858e+01,9.650691177896806305e-01
3.044999999999999929e+01,9.559974818331000712e-01
3.050000000000000000e+01,9.459594689067654105e-01
3.055000000000000071e+01,9.349874032704529325e-01
3.060000000000000142e+01,9.231163463866354224e-01
3.064999999999999858e+01,9.103839103891426809e-01
3.069999999999999929e+01,8.968300597468690238e-01
3.075000000000000000e+01,8.824969025845953441e-01
3.080000000000000071e+01,8.674284731834105422e-01
3.085000000000000142e+01,8.516705072294404877e-01
3.089999999999999858e+01,8.352702114112724452e-01
3.094999999999999929e+01,8.182760289835494527e-01
3.100000000000000000e+01,8.007374029168080609e-01
3.105000000000000071e+01,7.827045382418679198e-01
3.110000000000000142e+01,7.642281651714899482e-01
3.114999999999999858e+01,7.453593045429810493e-01
3.119999999999999929e+01,7.261490370736911615e-01
3.125000000000000000e+01,7.066482778577162227e-01
3.130000000000000071e+01,6.869075574573875187e-01
3.135000000000000142e+01,6.669768108584738231e-01
3.139999999999999858e+01,6.469051754643529994e-01
3.144999999999999929e+01,6.267407992029931929e-01
3.150000000000000000e+01,6.065306597126334243e-01
3.155000000000000071e+01,5.863203954586981848e-01
3.160000000000000142e+01,5.661541495171970029e-01
3.164999999999999858e+01,5.460744266397100644e-01
3.169999999999999929e+01,5.261219640934567954e-01
3.175000000000000000e+01,5.063356166481005616e-01
3.180000000000000071e+01,4.867522559599714027e-01
3.185000000000000142e+01,4.674066844856182845e-01
3.189999999999999858e+01,4.483315639409435338e-01
3.194999999999999929e+01,4.295573582107393706e-01
3.200000000000000000e+01,4.111122905071874500e-01
3.204999999999999716e+01,3.930223144755100595e-01
3.210000000000000142e+01,3.753110988513990165e-01
3.214999999999999858e+01,3.580000251886001350e-01
3.220000000000000284e+01,3.411081980965910976e-01
3.225000000000000000e+01,3.246524673583497389e-01
3.229999999999999716e+01,3.086474612366198467e-01
3.235000000000000142e+01,2.931056302245982903e-01
3.239999999999999858e+01,2.780373004531945802e-01
3.245000000000000284e+01,2.634507359322558750e-01
3.250000000000000000e+01,2.493522087772961637e-01
3.254999999999999716e+01,2.357460765558642424e-01
3.260000000000000142e+01,2.226348658788905588e-01
3.264999999999999858e+01,2.100193613613884902e-01
3.270000000000000284e+01,1.978986990836140436e-01
3.275000000000000000e+01,1.862704636977009498e-01
3.279999999999999716e+01,1.751307883451516112e-01
3.285000000000000142e+01,1.644744565771545652e-01
3.289999999999999858e+01,1.542950055015685495e-01
3.295000000000000284e+01,1.445848294171565851e-01
3.300000000000000000e+01,1.353352832366127023e-01
3.304999999999999716e+01,1.265367850442722653e-01
3.310000000000000142e+01,1.181789171817802936e-01
3.314999999999999858e+01,1.102505253044854111e-01
3.320000000000000284e+01,1.027398149024939811e-01
3.325000000000000000e+01,9.563444483253864814e-02
3.329999999999999716e+01,8.892161745938673145e-02
3.335000000000000142e+01,8.258816505811472641e-02
3.339999999999999858e+01,7.662063218049365576e-02
3.345000000000000284e+01,7.100535373963663688e-02
3.350000000000000000e+01,6.572852861653044609e-02
3.354999999999999716e+01,6.077628863962442757e-02
3.360000000000000142e+01,5.613476283413360024e-02
3.364999999999999858e+01,5.179013688067359011e-02
3.370000000000000284e+01,4.772870776316391617e-02
3.375000000000000000e+01,4.393693362340741343e-02
3.379999999999999716e+01,4.040147887416341982e-02
3.385000000000000142e+01,3.710925465390478573e-02
3.389999999999999858e+01,3.404745473459940691e-02
3.395000000000000284e+01,3.120358701884895503e-02
3.400000000000000000e+01,2.856550078455037667e-02
3.404999999999999716e+01,2.612140985391837172e-02
3.410000000000000142e+01,2.385991187938018426e-02
3.414999999999999858e+01,2.177000395154841256e-02
3.420000000000000284e+01,1.984109474437017323e-02
3.425000000000000000e+01,1.806301341978127500e-02
3.429999999999999716e+01,1.642601551888563452e-02
3.435000000000000142e+01,1.492078606906780194e-02
3.439999999999999858e+01,1.353844013665240521e-02
3.445000000000000284e+01,1.227052105297818385e-02
3.450000000000000000e+01,1.110899653824230608e-02
3.454999999999999716e+01,1.004625294236417311e-02
3.460000000000000142e+01,9.075087815651528000e-03
3.464999999999999858e+01,8.188701014374097018e-03
3.470000000000000284e+01,7.380684537674210045e-03
3.475000000000000000e+01,6.645011282741404221e-03
3.479999999999999716e+01,5.976022895005980023e-03
3.485000000000000142e+01,5.368416879448585990e-03
3.489999999999999858e+01,4.817233128106203355e-03
3.495000000000000284e+01,4.317840007633051182e-03
3.500000000000000000e+01,3.865920139472804086e-03
3.504999999999999716e+01,3.457455993922422567e-03
3.510000000000000142e+01,3.088715408236760492e-03
3.514999999999999858e+01,2.756237128012449956e-03
3.520000000000000284e+01,2.456816460489270101e-03
3.525000000000000000e+01,2.187491118182885094e-03
3.529999999999999716e+01,1.945527321465940953e-03
3.535000000000000142e+01,1.728406219400948404e-03
3.539999999999999858e+01,1.533810679324468457e-03
3.545000000000000284e+01,1.359612487421493418e-03
3.550000000000000000e+01,1.203859994828204022e-03
3.554999999999999716e+01,1.064766236667928070e-03
3.560000000000000142e+01,9.406975448678998181e-04
3.564999999999999858e+01,8.301626696148609128e-04
3.570000000000000284e+01,7.318024188804669178e-04
3.575000000000000000e+01,6.443798205686075741e-04
3.579999999999999716e+01,5.667708074866514064e-04
3.585000000000000142e+01,4.979554215032721848e-04
3.589999999999999858e+01,4.370095298997492728e-04
3.595000000000000284e+01,3.830970440253815340e-04
3.600000000000000000e+01,3.354626279025118532e-04
3.604999999999999716e+01,2.934248823627735869e-04
3.610000000000000142e+01,2.563699886055423164e-04
3.614999999999999858e+01,2.237457937206217460e-04
3.620000000000000284e+01,1.950563196812957960e-04
3.625000000000000000e+01,1.698566765614103785e-04
3.629999999999999716e+01,1.477483602320346949e-04
3.635000000000000142e+01,1.283749145228173932e-04
3.639999999999999858e+01,1.114179377629494677e-04
3.645000000000000284e+01,9.659341372218331785e-05
3.650000000000000000e+01,8.364834722972767347e-05
3.654999999999999716e+01,7.235768513558309926e-05
3.660000000000000142e+01,6.252150377481992163e-05
3.664999999999999858e+01,5.396244468093582794e-05
3.670000000000000284e+01,4.652338095260708748e-05
3.675000000000000000e+01,4.006529739295106870e-05
3.679999999999999716e+01,3.446536829740869345e-05
3.685000000000000142e+01,2.961521755297763690e-05
3.689999999999999858e+01,2.541934651619938272e-05
3.695000000000000284e+01,2.179371595020280242e-05
3.700000000000000000e+01,1.866446911352053717e-05
3.704999999999999716e+01,1.596678389780485885e-05
3.710000000000000142e+01,1.364384270176370812e-05
3.714999999999999858e+01,1.164590949921337142e-05
3.720000000000000284e+01,9.929504305850993059e-06
3.725000000000000000e+01,8.456665968701121430e-06
3.729999999999999716e+01,7.194294891475154232e-06
3.735000000000000142e+01,6.113567966371369159e-06
3.739999999999999858e+01,5.189418606715302141e-06
3.745000000000000284e+01,4.400075364510530066e-06
3.750000000000000000e+01,3.726653172078670938e-06
3.754999999999999716e+01,3.152791767556233415e-06
3.760000000000000142e+01,2.664336350513880902e-06
3.764999999999999858e+01,2.249055967032358596e-06
3.770000000000000284e+01,1.896395544153402004e-06
3.775000000000000000e+01,1.597257882834313520e-06
3.779999999999999716e+01,1.343812277631530946e-06
3.785000000000000142e+01,1.129326761709477885e-06
3.789999999999999858e+01,9.480212788595843529e-07
3.795000000000000284e+01,7.949393615349069787e-07
3.800000000000000000e+01,6.658361469857315029e-07
3.804999999999999716e+01,5.570807939543110737e-07
3.810000000000000142e+01,4.655715715783053263e-07
3.814999999999999858e+01,3.886620816507735794e-07
3.820000000000000284e+01,3.240972466449963848e-07
3.825000000000000000e+01,2.699578503363014081e-07
3.829999999999999716e+01,2.246125567831613741e-07
3.835000000000000142e+01,1.866764581494614953e-07
3.839999999999999858e+01,1.549753135702907599e-07
3.845000000000000284e+01,1.285147411304380676e-07
3.850000000000000000e+01,1.064537141107602414e-07
3.854999999999999716e+01,8.808179196460651065e-08
3.860000000000000142e+01,7.279958694767356107e-08
3.864999999999999858e+01,6.010202980257658557e-08
3.870000000000000284e+01,4.956405319172445178e-08
3.875000000000000000e+01,4.082836041142517987e-08
3.879999999999999716e+01,3.359498997812326402e-08
3.885000000000000142e+01,2.761242456828015374e-08
3.889999999999999858e+01,2.267002607515682861e-08
3.895000000000000284e+01,1.859160772634961111e-08
3.900000000000000000e+01,1.522997974471262915e-08
3.904999999999999716e+01,1.246232734700350049e-08
3.910000000000000142e+01,1.018629933286054109e-08
3.914999999999999858e+01,8.316702456828392076e-09
3.920000000000000284e+01,6.782711498648252982e-09
3.925000000000000000e+01,5.525517720366711436e-09
3.929999999999999716e+01,4.496349462280901489e-09
3.935000000000000142e+01,3.654808196197357213e-09
3.939999999999999858e+01,2.967471612701910432e-09
3.945000000000000284e+01,2.406722436301026403e-09
3.950000000000000000e+01,1.949767786017237700e-09
3.954999999999999716e+01,1.577819159413279982e-09
3.960000000000000142e+01,1.275407629526035055e-09
3.964999999999999858e+01,1.029812707220964577e-09
3.970000000000000284e+01,8.305866239948970589e-10
3.975000000000000000e+01,6.691586091292781558e-10
3.979999999999999716e+01,5.385061373786534765e-10
3.985000000000000142e+01,4.328821674522559069e-10
3.989999999999999858e+01,3.475891281239959241e-10
3.995000000000000284e+01,2.787918818766606644e-10
4.000000000000000000e+01,2.233631436203158243e-10
4.004999999999999716e+01,1.787558871128000310e-10
4.010000000000000142e+01,1.428981626184501195e-10
4.014999999999999858e+01,1.141065004817488156e-10
4.020000000000000284e+01,9.101470764487838147e-11
4.025000000000000000e+01,7.251539569325321777e-11
4.029999999999999716e+01,5.771202517466239768e-11
4.035000000000000142e+01,4.587962487139259258e-11
4.039999999999999858e+01,3.643265764184794587e-11
4.045000000000000284e+01,2.889876595553902609e-11
4.050000000000000000e+01,2.289734845645552983e-11
4.054999999999999716e+01,1.812210070857958405e-11
4.060000000000000142e+01,1.432680455423897520e-11
4.064999999999999858e+01,1.131377620006540837e-11
4.070000000000000284e+01,8.924487416632407127e-12
4.075000000000000000e+01,7.031960620840752324e-12
4.079999999999999716e+01,5.534610071701092670e-12
4.085000000000000142e+01,4.351260444011039131e-12
4.089999999999999858e+01,3.417122742803036579e-12
4.095000000000000284e+01,2.680547637312578334e-12
4.100000000000000000e+01,2.100409292732260208e-12
4.104999999999999716e+01,1.643999885586954192e-12
4.110000000000000142e+01,1.285337225133636589e-12
4.114999999999999858e+01,1.003806118649058037e-12
4.120000000000000284e+01,7.830690192960097383e-13
4.125000000000000000e+01,6.101936677605323931e-13
4.129999999999999716e+01,4.749553688741471478e-13
4.135000000000000142e+01,3.692796339730873682e-13
4.139999999999999858e+01,2.867975008888117988e-13
4.145000000000000284e+01,2.224911901568621960e-13
4.150000000000000000e+01,1.724120939035505927e-13
4.154999999999999716e+01,1.334566084822003525e-13
4.160000000000000142e+01,1.031881656655464800e-13
4.164999999999999858e+01,7.969611500334048149e-14
4.170000000000000284e+01,6.148396412704690683e-14
4.175000000000000000e+01,4.738097796288128902e-14
4.179999999999999716e+01,3.647234027722645625e-14
4.185000000000000142e+01,2.804404738222767366e-14
4.189999999999999858e+01,2.153947947697268434e-14
4.195000000000000284e+01,1.652521681411597143e-14
4.200000000000000000e+01,1.266416554909417554e-14
4.204999999999999716e+01,9.694455970585006717e-15
4.210000000000000142e+01,7.412893429109850750e-15
4.214999999999999858e+01,5.661995516948950406e-15
4.220000000000000284e+01,4.319850690848401020e-15
4.225000000000000000e+01,3.292193871172516357e-15
4.229999999999999716e+01,2.506221887145328515e-15
4.235000000000000142e+01,1.905772629268164393e-15
4.239999999999999858e+01,1.447571762397273597e-15
4.245000000000000284e+01,1.098314129828575732e-15
4.250000000000000000e+01,8.323969676981134733e-16
4.254999999999999716e+01,6.301614890334265771e-16
4.260000000000000142e+01,4.765304735299147969e-16
4.264999999999999858e+01,3.599539542243645346e-16
4.270000000000000284e+01,2.715943116653902939e-16
4.275000000000000000e+01,2.046971713164395858e-16
4.279999999999999716e+01,1.541063248064816220e-16
4.285000000000000142e+01,1.158901529352639815e-16
4.289999999999999858e+01,8.705426622302268320e-17
4.295000000000000284e+01,6.532073051485600953e-17
4.300000000000000000e+01,4.895865264598956409e-17
4.304999999999999716e+01,3.665433395619850083e-17
4.310000000000000142e+01,2.741186964593298736e-17
4.314999999999999858e+01,2.047714634193374318e-17
4.320000000000000284e+01,1.527979968344955460e-17
4.325000000000000000e+01,1.138894086601967236e-17
4.329999999999999716e+01,8.479426223124003166e-18
4.335000000000000142e+01,6.306189895745493875e-18
4.339999999999999858e+01,4.684735476080844304e-18
4.345000000000000284e+01,3.476326453414057199e-18
4.350000000000000000e+01,2.576757114466073369e-18
4.354999999999999716e+01,1.907848414135441552e-18
4.360000000000000142e+01,1.411015220001832776e-18
4.364999999999999858e+01,1.042406194265992287e-18
4.370000000000000284e+01,7.692362147387844363e-19
4.375000000000000000e+01,5.670220102534961731e-19
4.379999999999999716e+01,4.175010525686089156e-19
4.385000000000000142e+01,3.070666883341745464e-19
4.389999999999999858e+01,2.255928496347994172e-19
4.395000000000000284e+01,1.655524038713365877e-19
4.400000000000000000e+01,1.213565633609611804e-19
4.404999999999999716e+01,8.886051429507219479e-20
4.410000000000000142e+01,6.499387905444945484e-20
4.414999999999999858e+01,4.748481763473555860e-20
4.420000000000000284e+01,3.465428463966046842e-20
4.425000000000000000e+01,2.526278468583915080e-20
4.429999999999999716e+01,1.839636615862691351e-20
4.435000000000000142e+01,1.338190758937182957e-20
4.439999999999999858e+01,9.724246047481490882e-21
4.445000000000000284e+01,7.059573055361101579e-21
4.450000000000000000e+01,5.120932520319214899e-21
4.454999999999999716e+01,3.712712115603408826e-21
4.460000000000000142e+01,2.691811526280684757e-21
4.464999999999999858e+01,1.953763843394870530e-21
4.470000000000000284e+01,1.422529863957556604e-21
4.475000000000000000e+01,1.043016657587258324e-21
4.479999999999999716e+01,7.756198005266850080e-22
4.485000000000000142e+01,5.922745195753292899e-22
4.489999999999999858e+01,4.736407871507118334e-22
4.495000000000000284e+01,4.071534317082840320e-22
4.500000000000000000e+01,3.857499695927835641e-22
4.504999999999999716e+01,4.071534317082840320e-22
4.510000000000000142e+01,4.736407871507118334e-22
4.514999999999999858e+01,5.922745195753292899e-22
4.520000000000000284e+01,7.756198005266850080e-22
4.525000000000000000e+01,1.043016657587258324e-21
4.529999999999999716e+01,1.422529863957556604e-21
4.535000000000000142e+01,1.953763843394870530e-21
4.539999999999999858e+01,2.691811526280684757e-21
4.545000000000000284e+01,3.712712115603408826e-21
4.550000000000000000e+01,5.120932520319214899e-21
4.554999999999999716e+01,7.059573055361101579e-21
4.560000000000000142e+01,9.724246047481490882e-21
4.564999999999999858e+01,1.338190758937182957e-20
4.570000000000000284e+01,1.839636615862691351e-20
4.575000000000000000e+01,2.526278468583915080e-20
4.579999999999999716e+01,3.465428463966046842e-20
4.585000000000000142e+01,4.748481763473555860e-20
4.589999999999999858e+01,6.499387905444945484e-20
4.595000000000000284e+01,8.886051429507219479e-20
4.600000000000000000e+01,1.213565633609611804e-19
4.604999999999999716e+01,1.655524038713365877e-19
4.610000000000000142e+01,2.255928496347994172e-19
4.614999999999999858e+01,3.070666883341745464e-19
4.620000000000000284e+01,4.175010525686089156e-19
4.625000000000000000e+01,5.670220102534961731e-19
4.629999999999999716e+01,7.692362147387844363e-19
4.635000000000000142e+01,1.042406194265992287e-18
4.639999999999999858e+01,1.411015220001832776e-18
4.645000000000000284e+01,1.907848414135441552e-18
4.650000000000000000e+01,2.576757114466073369e-18
4.654999999999999716e+01,3.476326453414057199e-18
4.660000000000000142e+01,4.684735476080844304e-18
4.664999999999999858e+01,6.306189895745493875e-18
4.670000000000000284e+01,8.479426223124003166e-18
4.675000000000000000e+01,1.138894086601967236e-17
4.679999999999999716e+01,1.527979968344955460e-17
4.685000000000000142e+01,2.047714634193374318e-17
4.689999999999999858e+01,2.741186964593298736e-17
4.695000000000000284e+01,3.665433395619850083e-17
4.700000000000000000e+01,4.895865264598956409e-17
4.704999999999999716e+01,6.532073051485600953e-17
4.710000000000000142e+01,8.705426622302268320e-17
4.714999999999999858e+01,1.158901529352639815e-16
4.720000000000000284e+01,1.541063248064816220e-16
4.725000000000000000e+01,2.046971713164395858e-16
4.729999999999999716e+01,2.715943116653902939e-16
4.735000000000000142e+01,3.599539542243645346e-16
4.739999999999999858e+01,4.765304735299147969e-16
4.745000000000000284e+01,6.301614890334265771e-16
4.750000000000000000e+01,8.323969676981134733e-16
4.754999999999999716e+01,1.098314129828575732e-15
4.760000000000000142e+01,1.447571762397273597e-15
4.764999999999999858e+01,1.905772629268164393e-15
4.770000000000000284e+01,2.506221887145328515e-15
4.775000000000000000e+01,3.292193871172516357e-15
4.779999999999999716e+01,4.319850690848401020e-15
4.785000000000000142e+01,5.661995516948950406e-15
4.789999999999999858e+01,7.412893429109850750e-15
4.795000000000000284e+01,9.694455970585006717e-15
4.800000000000000000e+01,1.266416554909417554e-14
4.804999999999999716e+01,1.652521681411597143e-14
4.810000000000000142e+01,2.153947947697268434e-14
4.814999999999999858e+01,2.804404738222767366e-14
4.820000000000000284e+01,3.647234027722645625e-14
4.825000000000000000e+01,4.738097796288128902e-14
4.829999999999999716e+01,6.148396412704690683e-14
4.835000000000000142e+01,7.969611500334048149e-14
4.839999999999999858e+01,1.031881656655464800e-13
4.845000000000000284e+01,1.334566084822003525e-13
4.850000000000000000e+01,1.724120939035505927e-13
4.854999999999999716e+01,2.224911901568621960e-13
4.860000000000000142e+01,2.867975008888117988e-13
4.864999999999999858e+01,3.692796339730873682e-13
4.870000000000000284e+01,4.749553688741471478e-13
4.875000000000000000e+01,6.101936677605323931e-13
4.879999999999999716e+01,7.830690192960097383e-13
4.885000000000000142e+01,1.003806118649058037e-12
4.889999999999999858e+01,1.285337225133636589e-12
4.895000000000000284e+01,1.643999885586954192e-12
4.900000000000000000e+01,2.100409292732260208e-12
4.904999999999999716e+01,2.680547637312578334e-12
4.910000000000000142e+01,3.417122742803036579e-12
4.914999999999999858e+01,4.351260444011039131e-12
4.920000000000000284e+01,5.534610071701092670e-12
4.925000000000000000e+01,7.031960620840752324e-12
4.929999999999999716e+01,8.924487416632407127e-12
4.935000000000000142e+01,1.131377620006540837e-11
4.939999999999999858e+01,1.432680455423897520e-11
4.945000000000000284e+01,1.812210070857958405e-11
4.950000000000000000e+01,2.289734845645552983e-11
4.954999999999999716e+01,2.889876595553902609e-11
4.960000000000000142e+01,3.643265764184794587e-11
4.964999999999999858e+01,4.587962487139259258e-11
4.970000000000000284e+01,5.771202517466239768e-11
4.975000000000000000e+01,7.251539569325321777e-11
4.979999999999999716e+01,9.101470764487838147e-11
4.985000000000000142e+01,1.141065004817488156e-10
4.989999999999999858e+01,1.428981626184501195e-10
4.995000000000000284e+01,1.787558871128000310e-10
5.000000000000000000e+01,2.233631436203158243e-10
5.004999999999999716e+01,2.787918818766606644e-10
5.010000000000000142e+01,3.475891281239959241e-10
5.014999999999999858e+01,4.328821674522559069e-10
5.020000000000000284e+01,5.385061373786534765e-10
5.025000000000000000e+01,6.691586091292781558e-10
5.029999999999999716e+01,8.305866239948970589e-10
5.035000000000000142e+01,1.029812707220964577e-09
5.039999999999999858e+01,1.275407629526035055e-09
5.045000000000000284e+01,1.577819159413279982e-09
5.050000000000000000e+01,1.949767786017237700e-09
5.054999999999999716e+01,2.406722436301026403e-09
5.060000000000000142e+01,2.967471612701910432e-09
5.064999999999999858e+01,3.654808196197357213e-09
5.070000000000000284e+01,4.496349462280901489e-09
5.075000000000000000e+01,5.525517720366711436e-09
5.079999999999999716e+01,6.782711498648252982e-09
5.085000000000000142e+01,8.316702456828392076e-09
5.089999999999999858e+01,1.018629933286054109e-08
5.095000000000000284e+01,1.246232734700350049e-08
5.100000000000000000e+01,1.522997974471262915e-08
5.104999999999999716e+01,1.859160772634961111e-08
5.110000000000000142e+01,2.267002607515682861e-08
5.114999999999999858e+01,2.761242456828015374e-08
5.120000000000000284e+01,3.359498997812326402e-08
5.125000000000000000e+01,4.082836041142517987e-08
5.129999999999999716e+01,4.956405319172445178e-08
5.135000000000000142e+01,6.010202980257658557e-08
5.139999999999999858e+01,7.279958694767356107e-08
5.145000000000000284e+01,8.808179196460651065e-08
5.150000000000000000e+01,1.064537141107602414e-07
5.154999999999999716e+01,1.285147411304380676e-07
5.160000000000000142e+01,1.549753135702907599e-07
5.164999999999999858e+01,1.866764581494614953e-07
5.170000000000000284e+01,2.246125567831613741e-07
5.175000000000000000e+01,2.699578503363014081e-07
5.179999999999999716e+01,3.240972466449963848e-07
5.185000000000000142e+01,3.886620816507735794e-07
5.189999999999999858e+01,4.655715715783053263e-07
5.195000000000000284e+01,5.570807939543110737e-07
5.200000000000000000e+01,6.658361469857315029e-07
5.204999999999999716e+01,7.949393615349069787e-07
5.210000000000000142e+01,9.480212788595843529e-07
5.214999999999999858e+01,1.129326761709477885e-06
5.220000000000000284e+01,1.343812277631530946e-06
5.225000000000000000e+01,1.597257882834313520e-06
5.229999999999999716e+01,1.896395544153402004e-06
5.235000000000000142e+01,2.249055967032358596e-06
5.239999999999999858e+01,2.664336350513880902e-06
5.245000000000000284e+01,3.152791767556233415e-06
5.250000000000000000e+01,3.726653172078670938e-06
5.254999999999999716e+01,4.400075364510530066e-06
5.260000000000000142e+01,5.189418606715302141e-06
5.264999999999999858e+01,6.113567966371369159e-06
5.270000000000000284e+01,7.194294891475154232e-06
5.275000000000000000e+01,8.456665968701121430e-06
5.279999999999999716e+01,9.929504305850993059e-06
5.285000000000000142e+01,1.164590949921337142e-05
5.289999999999999858e+01,1.364384270176370812e-05
5.295000000000000284e+01,1.596678389780485885e-05
5.300000000000000000e+01,1.866446911352053717e-05
5.304999999999999716e+01,2.179371595020280242e-05
5.310000000000000142e+01,2.541934651619938272e-05
5.314999999999999858e+01,2.961521755297763690e-05
5.320000000000000284e+01,3.446536829740869345e-05
5.325000000000000000e+01,4.006529739295106870e-05
5.329999999999999716e+01,4.652338095260708748e-05
5.335000000000000142e+01,5.396244468093582794e-05
5.339999999999999858e+01,6.252150377481992163e-05
5.345000000000000284e+01,7.235768513558309926e-05
5.350000000000000000e+01,8.364834722972767347e-05
5.354999999999999716e+01,9.659341372218331785e-05
5.360000000000000142e+01,1.114179377629494677e-04
5.364999999999999858e+01,1.283749145228173932e-04
5.370000000000000284e+01,1.477483602320346949e-04
5.375000000000000000e+01,1.698566765614103785e-04
5.379999999999999716e+01,1.950563196812957960e-04
5.385000000000000142e+01,2.237457937206217460e-04
5.389999999999999858e+01,2.563699886055423164e-04
5.395000000000000284e+01,2.934248823627735869e-04
5.400000000000000000e+01,3.354626279025118532e-04
5.404999999999999716e+01,3.830970440253815340e-04
5.410000000000000142e+01,4.370095298997492728e-04
5.414999999999999858e+01,4.979554215032721848e-04
5.420000000000000284e+01,5.667708074866514064e-04
5.425000000000000000e+01,6.443798205686075741e-04
5.429999999999999716e+01,7.318024188804669178e-04
5.435000000000000142e+01,8.301626696148609128e-04
5.439999999999999858e+01,9.406975448678998181e-04
5.445000000000000284e+01,1.064766236667928070e-03
5.450000000000000000e+01,1.203859994828204022e-03
5.454999999999999716e+01,1.359612487421493418e-03
5.460000000000000142e+01,1.533810679324468457e-03
5.464999999999999858e+01,1.728406219400948404e-03
5.470000000000000284e+01,1.945527321465940953e-03
5.475000000000000000e+01,2.187491118182885094e-03
5.479999999999999716e+01,2.456816460489270101e-03
5.485000000000000142e+01,2.756237128012449956e-03
5.489999999999999858e+01,3.088715408236760492e-03
5.495000000000000284e+01,3.457455993922422567e-03
5.500000000000000000e+01,3.865920139472804086e-03
5.504999999999999716e+01,4.317840007633051182e-03
5.510000000000000142e+01,4.817233128106203355e-03
5.514999999999999858e+01,5.368416879448585990e-03
5.520000000000000284e+01,5.976022895005980023e-03
5.525000000000000000e+01,6.645011282741404221e-03
5.529999999999999716e+01,7.380684537674210045e-03
5.535000000000000142e+01,8.188701014374097018e-03
5.539999999999999858e+01,9.075087815651528000e-03
5.545000000000000284e+01,1.004625294236417311e-02
5.550000000000000000e+01,1.110899653824230608e-02
5.554999999999999716e+01,1.227052105297818385e-02
5.560000000000000142e+01,1.353844013665240521e-02
5.564999999999999858e+01,1.492078606906780194e-02
5.570000000000000284e+01,1.642601551888563452e-02
5.575000000000000000e+01,1.806301341978127500e-02
5.579999999999999716e+01,1.984109474437017323e-02
5.585000000000000142e+01,2.177000395154841256e-02
5.589999999999999858e+01,2.385991187938018426e-02
5.595000000000000284e+01,2.612140985391837172e-02
5.600000000000000000e+01,2.856550078455037667e-02
5.604999999999999716e+01,3.120358701884895503e-02
5.610000000000000142e+01,3.404745473459940691e-02
5.614999999999999858e+01,3.710925465390478573e-02
5.620000000000000284e+01,4.040147887416341982e-02
5.625000000000000000e+01,4.393693362340741343e-02
5.629999999999999716e+01,4.772870776316391617e-02
5.635000000000000142e+01,5.179013688067359011e-02
5.639999999999999858e+01,5.613476283413360024e-02
5.645000000000000284e+01,6.077628863962442757e-02
5.650000000000000000e+01,6.572852861653044609e-02
5.654999999999999716e+01,7.100535373963663688e-02
5.660000000000000142e+01,7.662063218049365576e-02
5.664999999999999858e+01,8.258816505811472641e-02
5.670000000000000284e+01,8.892161745938673145e-02
5.675000000000000000e+01,9.563444483253864814e-02
5.679999999999999716e+01,1.027398149024939811e-01
5.685000000000000142e+01,1.102505253044854111e-01
5.689999999999999858e+01,1.181789171817802936e-01
5.695000000000000284e+01,1.265367850442722653e-01
5.700000000000000000e+01,1.353352832366127023e-01
5.704999999999999716e+01,1.445848294171565851e-01
5.710000000000000142e+01,1.542950055015685495e-01
5.714999999999999858e+01,1.644744565771545652e-01
5.720000000000000284e+01,1.751307883451516112e-01
5.725000000000000000e+01,1.862704636977009498e-01
5.729999999999999716e+01,1.978986990836140436e-01
5.735000000000000142e+01,2.100193613613884902e-01
5.739999999999999858e+01,2.226348658788905588e-01
5.745000000000000284e+01,2.357460765558642424e-01
5.750000000000000000e+01,2.493522087772961637e-01
5.754999999999999716e+01,2.634507359322558750e-01
5.760000000000000142e+01,2.780373004531945802e-01
5.764999999999999858e+01,2.931056302245982903e-01
5.770000000000000284e+01,3.086474612366198467e-01
5.775000000000000000e+01,3.246524673583497389e-01
5.779999999999999716e+01,3.411081980965910976e-01
5.785000000000000142e+01,3.580000251886001350e-01
5.789999999999999858e+01,3.753110988513990165e-01
5.795000000000000284e+01,3.930223144755100595e-01
5.800000000000000000e+01,4.111122905071874500e-01
5.804999999999999716e+01,4.295573582107380939e-01
5.810000000000000142e+01,4.483315639409435338e-01
5.814999999999999858e+01,4.674066844856182845e-01
5.820000000000000284e+01,4.867522559599726795e-01
5.825000000000000000e+01,5.063356166481005616e-01
5.829999999999999716e+01,5.261219640934553521e-01
5.835000000000000142e+01,5.460744266397100644e-01
5.839999999999999858e+01,5.661541495171970029e-01
5.845000000000000284e+01,5.863203954586996280e-01
5.850000000000000000e+01,6.065306597126334243e-01
5.854999999999999716e+01,6.267407992029918606e-01
5.860000000000000142e+01,6.469051754643529994e-01
5.864999999999999858e+01,6.669768108584738231e-01
5.870000000000000284e+01,6.869075574573889620e-01
5.875000000000000000e+01,7.066482778577162227e-01
5.879999999999999716e+01,7.261490370736898292e-01
5.885000000000000142e+01,7.453593045429810493e-01
5.889999999999999858e+01,7.642281651714899482e-01
5.895000000000000284e+01,7.827045382418692521e-01
5.900000000000000000e+01,8.007374029168080609e-01
5.904999999999999716e+01,8.182760289835482315e-01
5.910000000000000142e+01,8.352702114112724452e-01
5.914999999999999858e+01,8.516705072294404877e-01
5.920000000000000284e+01,8.674284731834116524e-01
5.925000000000000000e+01,8.824969025845953441e-01
5.929999999999999716e+01,8.968300597468680246e-01
5.935000000000000142e+01,9.103839103891426809e-01
5.939999999999999858e+01,9.231163463866354224e-01
5.945000000000000284e+01,9.349874032704537097e-01
5.950000000000000000e+01,9.459594689067654105e-01
5.954999999999999716e+01,9.559974818330994051e-01
5.960000000000000142e+01,9.650691177896806305e-01
5.964999999999999858e+01,9.731449630580507604e-01
5.970000000000000284e+01,9.801986733067556967e-01
5.975000000000000000e+01,9.862071167439162567e-01
5.979999999999999716e+01,9.911505004882845693e-01
5.985000000000000142e+01,9.950124791926824308e-01
5.989999999999999858e+01,9.977802450856063654e-01
5.995000000000000284e+01,9.994445987368582029e-01
6.000000000000000000e+01,1.000000000000000000e+00
6.004999999999999716e+01,9.994445987368582029e-01
6.010000000000000142e+01,9.977802450856063654e-01
6.014999999999999858e+01,9.950124791926824308e-01
6.020000000000000284e+01,9.911505004882845693e-01
6.025000000000000000e+01,9.862071167439162567e-01
6.029999999999999716e+01,9.801986733067556967e-01
6.035000000000000142e+01,9.731449630580507604e-01
6.039999999999999858e+01,9.650691177896806305e-01
6.045000000000000284e+01,9.559974818330994051e-01
6.050000000000000000e+01,9.459594689067654105e-01
6.054999999999999716e+01,9.349874032704537097e-01
6.060000000000000142e+01,9.231163463866354224e-01
6.064999999999999858e+01,9.103839103891426809e-01
6.070000000000000284e+01,8.968300597468680246e-01
6.075000000000000000e+01,8.824969025845953441e-01
6.079999999999999716e+01,8.674284731834116524e-01
6.085000000000000142e+01,8.516705072294404877e-01
6.089999999999999858e+01,8.352702114112724452e-01
6.095000000000000284e+01,8.182760289835482315e-01
6.100000000000000000e+01,8.007374029168080609e-01
6.104999999999999716e+01,7.827045382418692521e-01
6.110000000000000142e+01,7.642281651714899482e-01
6.114999999999999858e+01,7.453593045429810493e-01
6.120000000000000284e+01,7.261490370736898292e-01
6.125000000000000000e+01,7.066482778577162227e-01
6.129999999999999716e+01,6.869075574573889620e-01
6.135000000000000142e+01,6.669768108584738231e-01
6.139999999999999858e+01,6.469051754643529994e-01
6.145000000000000284e+01,6.267407992029918606e-01
6.150000000000000000e+01,6.065306597126334243e-01
6.154999999999999716e+01,5.863203954586996280e-01
6.160000000000000142e+01,5.661541495171970029e-01
6.164999999999999858e+01,5.460744266397100644e-01
6.170000000000000284e+01,5.261219640934553521e-01
6.175000000000000000e+01,5.063356166481005616e-01
6.179999999999999716e+01,4.867522559599726795e-01
6.185000000000000142e+01,4.674066844856182845e-01
6.189999999999999858e+01,4.483315639409435338e-01
6.195000000000000284e+01,4.295573582107380939e-01
6.200000000000000000e+01,4.111122905071874500e-01
6.204999999999999716e+01,3.930223144755100595e-01
6.210000000000000142e+01,3.753110988513990165e-01
6.214999999999999858e+01,3.580000251886001350e-01
6.220000000000000284e+01,3.411081980965910976e-01
6.225000000000000000e+01,3.246524673583497389e-01
6.229999999999999716e+01,3.086474612366198467e-01
6.235000000000000142e+01,2.931056302245982903e-01
6.239999999999999858e+01,2.780373004531945802e-01
6.245000000000000284e+01,2.634507359322558750e-01
6.250000000000000000e+01,2.493522087772961637e-01
6.254999999999999716e+01,2.357460765558642424e-01
6.260000000000000142e+01,2.226348658788905588e-01
6.264999999999999858e+01,2.100193613613884902e-01
6.270000000000000284e+01,1.978986990836140436e-01
6.275000000000000000e+01,1.862704636977009498e-01
6.279999999999999716e+01,1.751307883451516112e-01
6.285000000000000142e+01,1.644744565771545652e-01
6.289999999999999858e+01,1.542950055015685495e-01
6.295000000000000284e+01,1.445848294171565851e-01
6.300000000000000000e+01,1.353352832366127023e-01
6.304999999999999716e+01,1.265367850442722653e-01
6.310000000000000142e+01,1.181789171817802936e-01
6.314999999999999858e+01,1.102505253044854111e-01
6.320000000000000284e+01,1.027398149024939811e-01
6.325000000000000000e+01,9.563444483253864814e-02
6.329999999999999716e+01,8.892161745938673145e-02
6.335000000000000142e+01,8.258816505811472641e-02
6.339999999999999858e+01,7.662063218049365576e-02
6.345000000000000284e+01,7.100535373963663688e-02
6.350000000000000000e+01,6.572852861653044609e-02
6.354999999999999716e+01,6.077628863962442757e-02
6.360000000000000142e+01,5.613476283413360024e-02
6.364999999999999858e+01,5.179013688067359011e-02
6.370000000000000284e+01,4.772870776316391617e-02
6.375000000000000000e+01,4.393693362340741343e-02
6.379999999999999716e+01,4.040147887416341982e-02
6.385000000000000142e+01,3.710925465390478573e-02
6.389999999999999858e+01,3.404745473459940691e-02
6.395000000000000284e+01,3.120358701884895503e-02
6.400000000000000000e+01,2.856550078455037667e-02
6.404999999999999716e+01,2.612140985391837172e-02
6.409999999999999432e+01,2.385991187938049998e-02
6.415000000000000568e+01,2.177000395154812112e-02
6.420000000000000284e+01,1.984109474437017323e-02
6.425000000000000000e+01,1.806301341978127500e-02
6.429999999999999716e+01,1.642601551888563452e-02
6.434999999999999432e+01,1.492078606906800144e-02
6.440000000000000568e+01,1.353844013665221266e-02
6.445000000000000284e+01,1.227052105297818385e-02
6.450000000000000000e+01,1.110899653824230608e-02
6.454999999999999716e+01,1.004625294236417311e-02
6.459999999999999432e+01,9.075087815651665044e-03
6.465000000000000568e+01,8.188701014373987730e-03
6.470000000000000284e+01,7.380684537674210045e-03
6.475000000000000000e+01,6.645011282741404221e-03
6.479999999999999716e+01,5.976022895005980023e-03
6.484999999999999432e+01,5.368416879448667522e-03
6.490000000000000568e+01,4.817233128106126160e-03
6.495000000000000284e+01,4.317840007633051182e-03
6.500000000000000000e+01,3.865920139472804086e-03
6.504999999999999716e+01,3.457455993922422567e-03
6.509999999999999432e+01,3.088715408236807330e-03
6.515000000000000568e+01,2.756237128012403118e-03
6.520000000000000284e+01,2.456816460489270101e-03
6.525000000000000000e+01,2.187491118182885094e-03
6.529999999999999716e+01,1.945527321465940953e-03
6.534999999999999432e+01,1.728406219400979195e-03
6.540000000000000568e+01,1.533810679324443954e-03
6.545000000000000284e+01,1.359612487421493418e-03
6.550000000000000000e+01,1.203859994828204022e-03
6.554999999999999716e+01,1.064766236667928070e-03
6.559999999999999432e+01,9.406975448679165148e-04
6.565000000000000568e+01,8.301626696148454087e-04
6.570000000000000284e+01,7.318024188804669178e-04
6.575000000000000000e+01,6.443798205686075741e-04
6.579999999999999716e+01,5.667708074866514064e-04
6.584999999999999432e+01,4.979554215032805332e-04
6.590000000000000568e+01,4.370095298997410871e-04
6.595000000000000284e+01,3.830970440253815340e-04
6.600000000000000000e+01,3.354626279025118532e-04
6.604999999999999716e+01,2.934248823627735869e-04
6.609999999999999432e+01,2.563699886055468701e-04
6.615000000000000568e+01,2.237457937206165689e-04
6.620000000000000284e+01,1.950563196812957960e-04
6.625000000000000000e+01,1.698566765614103785e-04
6.629999999999999716e+01,1.477483602320346949e-04
6.634999999999999432e+01,1.283749145228199140e-04
6.640000000000000568e+01,1.114179377629474890e-04
6.645000000000000284e+01,9.659341372218331785e-05
6.650000000000000000e+01,8.364834722972767347e-05
6.654999999999999716e+01,7.235768513558309926e-05
6.659999999999999432e+01,6.252150377482137175e-05
6.665000000000000568e+01,5.396244468093477084e-05
6.670000000000000284e+01,4.652338095260708748e-05
6.675000000000000000e+01,4.006529739295106870e-05
6.679999999999999716e+01,3.446536829740869345e-05
6.684999999999999432e+01,2.961521755297821627e-05
6.690000000000000568e+01,2.541934651619874914e-05
6.695000000000000284e+01,2.179371595020280242e-05
6.700000000000000000e+01,1.866446911352053717e-05
6.704999999999999716e+01,1.596678389780485885e-05
6.709999999999999432e+01,1.364384270176399950e-05
6.715000000000000568e+01,1.164590949921312239e-05
6.720000000000000284e+01,9.929504305850993059e-06
6.725000000000000000e+01,8.456665968701121430e-06
6.729999999999999716e+01,7.194294891475154232e-06
6.734999999999999432e+01,6.113567966371532636e-06
6.740000000000000568e+01,5.189418606715182709e-06
6.745000000000000284e+01,4.400075364510530066e-06
6.750000000000000000e+01,3.726653172078670938e-06
6.754999999999999716e+01,3.152791767556233415e-06
6.759999999999999432e+01,2.664336350513937653e-06
6.765000000000000568e+01,2.249055967032298457e-06
6.770000000000000284e+01,1.896395544153402004e-06
6.775000000000000000e+01,1.597257882834313520e-06
6.779999999999999716e+01,1.343812277631530946e-06
6.784999999999999432e+01,1.129326761709504143e-06
6.790000000000000568e+01,9.480212788595624359e-07
6.795000000000000284e+01,7.949393615349069787e-07
6.800000000000000000e+01,6.658361469857315029e-07
6.804999999999999716e+01,5.570807939543110737e-07
6.809999999999999432e+01,4.655715715783185612e-07
6.815000000000000568e+01,3.886620816507639444e-07
6.820000000000000284e+01,3.240972466449963848e-07
6.825000000000000000e+01,2.699578503363014081e-07
6.829999999999999716e+01,2.246125567831613741e-07
6.834999999999999432e+01,1.866764581494661275e-07
6.840000000000000568e+01,1.549753135702860747e-07
6.845000000000000284e+01,1.285147411304380676e-07
6.850000000000000000e+01,1.064537141107602414e-07
6.854999999999999716e+01,8.808179196460651065e-08
6.859999999999999432e+01,7.279958694767537425e-08
6.865000000000000568e+01,6.010202980257487827e-08
6.870000000000000284e+01,4.956405319172445178e-08
6.875000000000000000e+01,4.082836041142517987e-08
6.879999999999999716e+01,3.359498997812326402e-08
6.884999999999999432e+01,2.761242456828103716e-08
6.890000000000000568e+01,2.267002607515618341e-08
6.895000000000000284e+01,1.859160772634961111e-08
6.900000000000000000e+01,1.522997974471262915e-08
6.904999999999999716e+01,1.246232734700350049e-08
6.909999999999999432e+01,1.018629933286079421e-08
6.915000000000000568e+01,8.316702456828125724e-09
6.920000000000000284e+01,6.782711498648252982e-09
6.925000000000000000e+01,5.525517720366711436e-09
6.929999999999999716e+01,4.496349462280901489e-09
6.934999999999999432e+01,3.654808196197448203e-09
6.940000000000000568e+01,2.967471612701826059e-09
6.945000000000000284e+01,2.406722436301026403e-09
6.950000000000000000e+01,1.949767786017237700e-09
6.954999999999999716e+01,1.577819159413279982e-09
6.959999999999999432e+01,1.275407629526075794e-09
6.965000000000000568e+01,1.029812707220935419e-09
6.970000000000000284e+01,8.305866239948970589e-10
6.975000000000000000e+01,6.691586091292781558e-10
6.979999999999999716e+01,5.385061373786534765e-10
6.984999999999999432e+01,4.328821674522682112e-10
6.990000000000000568e+01,3.475891281239835680e-10
6.995000000000000284e+01,2.787918818766606644e-10
7.000000000000000000e+01,2.233631436203158243e-10
7.004999999999999716e+01,1.787558871128000310e-10
7.009999999999999432e+01,1.428981626184541779e-10
7.015000000000000568e+01,1.141065004817451579e-10
7.020000000000000284e+01,9.101470764487838147e-11
7.025000000000000000e+01,7.251539569325321777e-11
7.029999999999999716e+01,5.771202517466239768e-11
7.034999999999999432e+01,4.587962487139422109e-11
7.040000000000000568e+01,3.643265764184678265e-11
7.045000000000000284e+01,2.889876595553902609e-11
7.050000000000000000e+01,2.289734845645552983e-11
7.054999999999999716e+01,1.812210070857958405e-11
7.059999999999999432e+01,1.432680455423943241e-11
7.065000000000000568e+01,1.131377620006496570e-11
7.070000000000000284e+01,8.924487416632407127e-12
7.075000000000000000e+01,7.031960620840752324e-12
7.079999999999999716e+01,5.534610071701092670e-12
7.084999999999999432e+01,4.351260444011178072e-12
7.090000000000000568e+01,3.417122742802927527e-12
7.095000000000000284e+01,2.680547637312578334e-12
7.100000000000000000e+01,2.100409292732260208e-12
7.104999999999999716e+01,1.643999885586954192e-12
7.109999999999999432e+01,1.285337225133686672e-12
7.115000000000000568e+01,1.003806118649025927e-12
7.120000000000000284e+01,7.830690192960097383e-13
7.125000000000000000e+01,6.101936677605323931e-13
7.129999999999999716e+01,4.749553688741471478e-13
7.134999999999999432e+01,3.692796339730991317e-13
7.140000000000000568e+01,2.867975008888005907e-13
7.145000000000000284e+01,2.224911901568621960e-13
7.150000000000000000e+01,1.724120939035505927e-13
7.154999999999999716e+01,1.334566084822003525e-13
7.159999999999999432e+01,1.031881656655497743e-13
7.165000000000000568e+01,7.969611500333764160e-14
7.170000000000000284e+01,6.148396412704690683e-14
7.175000000000000000e+01,4.738097796288128902e-14
7.179999999999999716e+01,3.647234027722645625e-14
7.184999999999999432e+01,2.804404738222886642e-14
7.190000000000000568e+01,2.153947947697191757e-14
7.195000000000000284e+01,1.652521681411597143e-14
7.200000000000000000e+01,1.266416554909417554e-14
7.204999999999999716e+01,9.694455970585006717e-15
7.209999999999999432e+01,7.412893429110167872e-15
7.215000000000000568e+01,5.661995516948789479e-15
7.220000000000000284e+01,4.319850690848401020e-15
7.225000000000000000e+01,3.292193871172516357e-15
7.229999999999999716e+01,2.506221887145328515e-15
7.234999999999999432e+01,1.905772629268245645e-15
7.240000000000000568e+01,1.447571762397211868e-15
7.245000000000000284e+01,1.098314129828575732e-15
7.250000000000000000e+01,8.323969676981134733e-16
7.254999999999999716e+01,6.301614890334265771e-16
7.259999999999999432e+01,4.765304735299284047e-16
7.265000000000000568e+01,3.599539542243491519e-16
7.270000000000000284e+01,2.715943116653902939e-16
7.275000000000000000e+01,2.046971713164395858e-16
7.279999999999999716e+01,1.541063248064816220e-16
7.284999999999999432e+01,1.158901529352689365e-16
7.290000000000000568e+01,8.705426622302021801e-17
7.295000000000000284e+01,6.532073051485600953e-17
7.300000000000000000e+01,4.895865264598956409e-17
7.304999999999999716e+01,3.665433395619850083e-17
7.309999999999999432e+01,2.741186964593415525e-17
7.315000000000000568e+01,2.047714634193272321e-17
7.320000000000000284e+01,1.527979968344955460e-17
7.325000000000000000e+01,1.138894086601967236e-17
7.329999999999999716e+01,8.479426223124003166e-18
7.334999999999999432e+01,6.306189895745718053e-18
7.340000000000000568e+01,4.684735476080611652e-18
7.345000000000000284e+01,3.476326453414057199e-18
7.350000000000000000e+01,2.576757114466073369e-18
7.354999999999999716e+01,1.907848414135441552e-18
7.359999999999999432e+01,1.411015220001903072e-18
7.365000000000000568e+01,1.042406194265955309e-18
7.370000000000000284e+01,7.692362147387844363e-19
7.375000000000000000e+01,5.670220102534961731e-19
7.379999999999999716e+01,4.175010525686089156e-19
7.384999999999999432e+01,3.070666883341898094e-19
7.390000000000000568e+01,2.255928496347881986e-19
7.395000000000000284e+01,1.655524038713365877e-19
7.400000000000000000e+01,1.213565633609611804e-19
7.404999999999999716e+01,8.886051429507219479e-20
7.409999999999999432e+01,6.499387905445175392e-20
7.415000000000000568e+01,4.748481763473319332e-20
7.420000000000000284e+01,3.465428463966046842e-20
7.425000000000000000e+01,2.526278468583915080e-20
7.429999999999999716e+01,1.839636615862691351e-20
7.434999999999999432e+01,1.338190758937249311e-20
7.440000000000000568e+01,9.724246047481146322e-21
7.445000000000000284e+01,7.059573055361101579e-21
7.450000000000000000e+01,5.120932520319214899e-21
7.454999999999999716e+01,3.712712115603408826e-21
7.459999999999999432e+01,2.691811526280817164e-21
7.465000000000000568e+01,1.953763843394761444e-21
7.470000000000000284e+01,1.422529863957556604e-21
7.475000000000000000e+01,1.043016657587258324e-21
7.479999999999999716e+01,7.756198005266850080e-22
7.484999999999999432e+01,5.922745195753453707e-22
7.490000000000000568e+01,4.736407871506954705e-22
7.495000000000000284e+01,4.071534317082840320e-22
7.500000000000000000e+01,3.857499695927835641e-22
7.504999999999999716e+01,4.071534317082840320e-22
7.509999999999999432e+01,4.736407871506954705e-22
7.515000000000000568e+01,5.922745195753453707e-22
7.520000000000000284e+01,7.756198005266850080e-22
7.525000000000000000e+01,1.043016657587258324e-21
7.529999999999999716e+01,1.422529863957556604e-21
7.534999999999999432e+01,1.953763843394761444e-21
7.540000000000000568e+01,2.691811526280817164e-21
7.545000000000000284e+01,3.712712115603408826e-21
7.550000000000000000e+01,5.120932520319214899e-21
7.554999999999999716e+01,7.059573055361101579e-21
7.559999999999999432e+01,9.724246047481146322e-21
7.565000000000000568e+01,1.338190758937249311e-20
7.570000000000000284e+01,1.839636615862691351e-20
7.575000000000000000e+01,2.526278468583915080e-20
7.579999999999999716e+01,3.465428463966046842e-20
7.584999999999999432e+01,4.748481763473319332e-20
7.590000000000000568e+01,6.499387905445175392e-20
7.595000000000000284e+01,8.886051429507219479e-20
7.600000000000000000e+01,1.213565633609611804e-19
7.604999999999999716e+01,1.655524038713365877e-19
7.609999999999999432e+01,2.255928496347881986e-19
7.615000000000000568e+01,3.070666883341898094e-19
7.620000000000000284e+01,4.175010525686089156e-19
7.625000000000000000e+01,5.670220102534961731e-19
7.629999999999999716e+01,7.692362147387844363e-19
7.634999999999999432e+01,1.042406194265955309e-18
7.640000000000000568e+01,1.411015220001903072e-18
7.645000000000000284e+01,1.907848414135441552e-18
7.650000000000000000e+01,2.576757114466073369e-18
7.654999999999999716e+01,3.476326453414057199e-18
7.659999999999999432e+01,4.684735476080611652e-18
7.665000000000000568e+01,6.306189895745718053e-18
7.670000000000000284e+01,8.479426223124003166e-18
7.675000000000000000e+01,1.138894086601967236e-17
7.679999999999999716e+01,1.527979968344955460e-17
7.684999999999999432e+01,2.047714634193272321e-17
7.690000000000000568e+01,2.741186964593415525e-17
7.695000000000000284e+01,3.665433395619850083e-17
7.700000000000000000e+01,4.895865264598956409e-17
7.704999999999999716e+01,6.532073051485600953e-17
7.709999999999999432e+01,8.705426622302021801e-17
7.715000000000000568e+01,1.158901529352689365e-16
7.720000000000000284e+01,1.541063248064816220e-16
7.725000000000000000e+01,2.046971713164395858e-16
7.729999999999999716e+01,2.715943116653902939e-16
7.734999999999999432e+01,3.599539542243491519e-16
7.740000000000000568e+01,4.765304735299284047e-16
7.745000000000000284e+01,6.301614890334265771e-16
7.750000000000000000e+01,8.323969676981134733e-16
7.754999999999999716e+01,1.098314129828575732e-15
7.759999999999999432e+01,1.447571762397211868e-15
7.765000000000000568e+01,1.905772629268245645e-15
7.770000000000000284e+01,2.506221887145328515e-15
7.775000000000000000e+01,3.292193871172516357e-15
7.779999999999999716e+01,4.319850690848401020e-15
7.784999999999999432e+01,5.661995516948789479e-15
7.790000000000000568e+01,7.412893429110167872e-15
7.795000000000000284e+01,9.694455970585006717e-15
7.800000000000000000e+01,1.266416554909417554e-14
7.804999999999999716e+01,1.652521681411597143e-14
7.809999999999999432e+01,2.153947947697191757e-14
7.815000000000000568e+01,2.804404738222886642e-14
7.820000000000000284e+01,3.647234027722645625e-14
7.825000000000000000e+01,4.738097796288128902e-14
7.829999999999999716e+01,6.148396412704690683e-14
7.834999999999999432e+01,7.969611500333764160e-14
7.840000000000000568e+01,1.031881656655497743e-13
7.845000000000000284e+01,1.334566084822003525e-13
7.850000000000000000e+01,1.724120939035505927e-13
7.854999999999999716e+01,2.224911901568621960e-13
7.859999999999999432e+01,2.867975008888005907e-13
7.865000000000000568e+01,3.692796339730991317e-13
7.870000000000000284e+01,4.749553688741471478e-13
7.875000000000000000e+01,6.101936677605323931e-13
7.879999999999999716e+01,7.830690192960097383e-13
7.884999999999999432e+01,1.003806118649025927e-12
7.890000000000000568e+01,1.285337225133686672e-12
7.895000000000000284e+01,1.643999885586954192e-12
7.900000000000000000e+01,2.100409292732260208e-12
7.904999999999999716e+01,2.680547637312578334e-12
7.909999999999999432e+01,3.417122742802927527e-12
7.915000000000000568e+01,4.351260444011178072e-12
7.920000000000000284e+01,5.534610071701092670e-12
7.925000000000000000e+01,7.031960620840752324e-12
7.929999999999999716e+01,8.924487416632407127e-12
7.934999999999999432e+01,1.131377620006496570e-11
7.940000000000000568e+01,1.432680455423943241e-11
7.945000000000000284e+01,1.812210070857958405e-11
7.950000000000000000e+01,2.289734845645552983e-11
7.954999999999999716e+01,2.889876595553902609e-11
7.959999999999999432e+01,3.643265764184678265e-11
7.965000000000000568e+01,4.587962487139422109e-11
7.970000000000000284e+01,5.771202517466239768e-11
7.975000000000000000e+01,7.251539569325321777e-11
7.979999999999999716e+01,9.101470764487838147e-11
7.984999999999999432e+01,1.141065004817451579e-10
7.990000000000000568e+01,1.428981626184541779e-10
7.995000000000000284e+01,1.787558871128000310e-10
8.000000000000000000e+01,2.233631436203158243e-10
8.004999999999999716e+01,2.787918818766606644e-10
8.009999999999999432e+01,3.475891281239835680e-10
8.015000000000000568e+01,4.328821674522682112e-10
8.020000000000000284e+01,5.385061373786534765e-10
8.025000000000000000e+01,6.691586091292781558e-10
8.029999999999999716e+01,8.305866239948970589e-10
8.034999999999999432e+01,1.029812707220935419e-09
8.040000000000000568e+01,1.275407629526075794e-09
8.045000000000000284e+01,1.577819159413279982e-09
8.050000000000000000e+01,1.949767786017237700e-09
8.054999999999999716e+01,2.406722436301026403e-09
8.059999999999999432e+01,2.967471612701826059e-09
8.065000000000000568e+01,3.654808196197448203e-09
8.070000000000000284e+01,4.496349462280901489e-09
8.075000000000000000e+01,5.525517720366711436e-09
8.079999999999999716e+01,6.782711498648252982e-09
8.084999999999999432e+01,8.316702456828125724e-09
8.090000000000000568e+01,1.018629933286079421e-08
8.095000000000000284e+01,1.246232734700350049e-08
8.100000000000000000e+01,1.522997974471262915e-08
8.104999999999999716e+01,1.859160772634961111e-08
8.109999999999999432e+01,2.267002607515618341e-08
8.115000000000000568e+01,2.761242456828103716e-08
8.120000000000000284e+01,3.359498997812326402e-08
8.125000000000000000e+01,4.082836041142517987e-08
8.129999999999999716e+01,4.956405319172445178e-08
8.134999999999999432e+01,6.010202980257487827e-08
8.140000000000000568e+01,7.279958694767537425e-08
8.145000000000000284e+01,8.808179196460651065e-08
8.150000000000000000e+01,1.064537141107602414e-07
8.154999999999999716e+01,1.285147411304380676e-07
8.159999999999999432e+01,1.549753135702860747e-07
8.165000000000000568e+01,1.866764581494661275e-07
8.170000000000000284e+01,2.246125567831613741e-07
8.175000000000000000e+01,2.699578503363014081e-07
8.179999999999999716e+01,3.240972466449963848e-07
8.184999999999999432e+01,3.886620816507639444e-07
8.190000000000000568e+01,4.655715715783185612e-07
8.195000000000000284e+01,5.570807939543110737e-07
8.200000000000000000e+01,6.658361469857315029e-07
8.204999999999999716e+01,7.949393615349069787e-07
8.209999999999999432e+01,9.480212788595624359e-07
8.215000000000000568e+01,1.129326761709504143e-06
8.220000000000000284e+01,1.343812277631530946e-06
8.225000000000000000e+01,1.597257882834313520e-06
8.229999999999999716e+01,1.896395544153402004e-06
8.234999999999999432e+01,2.249055967032298457e-06
8.240000000000000568e+01,2.664336350513937653e-06
8.245000000000000284e+01,3.152791767556233415e-06
8.250000000000000000e+01,3.726653172078670938e-06
8.254999999999999716e+01,4.400075364510530066e-06
8.259999999999999432e+01,5.189418606715182709e-06
8.265000000000000568e+01,6.113567966371532636e-06
8.270000000000000284e+01,7.194294891475154232e-06
8.275000000000000000e+01,8.456665968701121430e-06
8.279999999999999716e+01,9.929504305850993059e-06
8.284999999999999432e+01,1.164590949921312239e-05
8.290000000000000568e+01,1.364384270176399950e-05
8.295000000000000284e+01,1.596678389780485885e-05
8.300000000000000000e+01,1.866446911352053717e-05
8.304999999999999716e+01,2.179371595020280242e-05
8.309999999999999432e+01,2.541934651619874914e-05
8.315000000000000568e+01,2.961521755297821627e-05
8.320000000000000284e+01,3.446536829740869345e-05
8.325000000000000000e+01,4.006529739295106870e-05
8.329999999999999716e+01,4.652338095260708748e-05
8.334999999999999432e+01,5.396244468093477084e-05
8.340000000000000568e+01,6.252150377482137175e-05
8.345000000000000284e+01,7.235768513558309926e-05
8.350000000000000000e+01,8.364834722972767347e-05
8.354999999999999716e+01,9.659341372218331785e-05
8.359999999999999432e+01,1.114179377629474890e-04
8.365000000000000568e+01,1.283749145228199140e-04
8.370000000000000284e+01,1.477483602320346949e-04
8.375000000000000000e+01,1.698566765614103785e-04
8.379999999999999716e+01,1.950563196812957960e-04
8.384999999999999432e+01,2.237457937206165689e-04
8.390000000000000568e+01,2.563699886055468701e-04
8.395000000000000284e+01,2.934248823627735869e-04
8.400000000000000000e+01,3.354626279025118532e-04
8.404999999999999716e+01,3.830970440253815340e-04
8.409999999999999432e+01,4.370095298997410871e-04
8.415000000000000568e+01,4.979554215032805332e-04
8.420000000000000284e+01,5.667708074866514064e-04
8.425000000000000000e+01,6.443798205686075741e-04
8.429999999999999716e+01,7.318024188804669178e-04
8.434999999999999432e+01,8.301626696148454087e-04
8.440000000000000568e+01,9.406975448679165148e-04
8.445000000000000284e+01,1.064766236667928070e-03
8.450000000000000000e+01,1.203859994828204022e-03
8.454999999999999716e+01,1.359612487421493418e-03
8.459999999999999432e+01,1.533810679324443954e-03
8.465000000000000568e+01,1.728406219400979195e-03
8.470000000000000284e+01,1.945527321465940953e-03
8.475000000000000000e+01,2.187491118182885094e-03
8.479999999999999716e+01,2.456816460489270101e-03
8.484999999999999432e+01,2.756237128012403118e-03
8.490000000000000568e+01,3.088715408236807330e-03
8.495000000000000284e+01,3.457455993922422567e-03
8.500000000000000000e+01,3.865920139472804086e-03
8.504999999999999716e+01,4.317840007633051182e-03
8.509999999999999432e+01,4.817233128106126160e-03
8.515000000000000568e+01,5.368416879448667522e-03
8.520000000000000284e+01,5.976022895005980023e-03
8.525000000000000000e+01,6.645011282741404221e-03
8.529999999999999716e+01,7.380684537674210045e-03
8.534999999999999432e+01,8.188701014373987730e-03
8.540000000000000568e+01,9.075087815651665044e-03
8.545000000000000284e+01,1.004625294236417311e-02
8.550000000000000000e+01,1.110899653824230608e-02
8.554999999999999716e+01,1.227052105297818385e-02
8.559999999999999432e+01,1.353844013665221266e-02
8.565000000000000568e+01,1.492078606906800144e-02
8.570000000000000284e+01,1.642601551888563452e-02
8.575000000000000000e+01,1.806301341978127500e-02
8.579999999999999716e+01,1.984109474437017323e-02
8.584999999999999432e+01,2.177000395154812112e-02
8.590000000000000568e+01,2.385991187938049998e-02
8.595000000000000284e+01,2.612140985391837172e-02
8.600000000000000000e+01,2.856550078455037667e-02
8.604999999999999716e+01,3.120358701884895503e-02
8.609999999999999432e+01,3.404745473459901139e-02
8.615000000000000568e+01,3.710925465390524369e-02
8.620000000000000284e+01,4.040147887416341982e-02
8.625000000000000000e+01,4.393693362340741343e-02
8.629999999999999716e+01,4.772870776316391617e-02
8.634999999999999432e+01,5.179013688067297255e-02
8.640000000000000568e+01,5.613476283413420392e-02
8.645000000000000284e+01,6.077628863962442757e-02
8.650000000000000000e+01,6.572852861653044609e-02
8.654999999999999716e+01,7.100535373963663688e-02
8.659999999999999432e+01,7.662063218049280922e-02
8.665000000000000568e+01,8.258816505811564235e-02
8.670000000000000284e+01,8.892161745938673145e-02
8.675000000000000000e+01,9.563444483253864814e-02
8.679999999999999716e+01,1.027398149024939811e-01
8.684999999999999432e+01,1.102505253044843841e-01
8.690000000000000568e+01,1.181789171817814454e-01
8.695000000000000284e+01,1.265367850442722653e-01
8.700000000000000000e+01,1.353352832366127023e-01
8.704999999999999716e+01,1.445848294171565851e-01
8.709999999999999432e+01,1.542950055015671895e-01
8.715000000000000568e+01,1.644744565771561196e-01
8.720000000000000284e+01,1.751307883451516112e-01
8.725000000000000000e+01,1.862704636977009498e-01
8.729999999999999716e+01,1.978986990836140436e-01
8.734999999999999432e+01,2.100193613613867694e-01
8.740000000000000568e+01,2.226348658788923907e-01
8.745000000000000284e+01,2.357460765558642424e-01
8.750000000000000000e+01,2.493522087772961637e-01
8.754999999999999716e+01,2.634507359322558750e-01
8.759999999999999432e+01,2.780373004531924153e-01
8.765000000000000568e+01,2.931056302246004552e-01
8.770000000000000284e+01,3.086474612366198467e-01
8.775000000000000000e+01,3.246524673583497389e-01
8.779999999999999716e+01,3.411081980965910976e-01
8.784999999999999432e+01,3.580000251885977480e-01
8.790000000000000568e+01,3.753110988514015700e-01
8.795000000000000284e+01,3.930223144755100595e-01
8.800000000000000000e+01,4.111122905071874500e-01
8.804999999999999716e+01,4.295573582107380939e-01
8.809999999999999432e+01,4.483315639409408693e-01
8.815000000000000568e+01,4.674066844856210046e-01
8.820000000000000284e+01,4.867522559599726795e-01
8.825000000000000000e+01,5.063356166481005616e-01
8.829999999999999716e+01,5.261219640934553521e-01
8.834999999999999432e+01,5.460744266397070668e-01
8.840000000000000568e+01,5.661541495171997784e-01
8.845000000000000284e+01,5.863203954586996280e-01
8.850000000000000000e+01,6.065306597126334243e-01
8.854999999999999716e+01,6.267407992029918606e-01
8.859999999999999432e+01,6.469051754643501129e-01
8.865000000000000568e+01,6.669768108584765987e-01
8.870000000000000284e+01,6.869075574573889620e-01
8.875000000000000000e+01,7.066482778577162227e-01
8.879999999999999716e+01,7.261490370736898292e-01
8.884999999999999432e+01,7.453593045429782737e-01
8.890000000000000568e+01,7.642281651714926127e-01
8.895000000000000284e+01,7.827045382418692521e-01
8.900000000000000000e+01,8.007374029168080609e-01
8.904999999999999716e+01,8.182760289835482315e-01
8.909999999999999432e+01,8.352702114112701137e-01
8.915000000000000568e+01,8.516705072294428192e-01
8.920000000000000284e+01,8.674284731834116524e-01
8.925000000000000000e+01,8.824969025845953441e-01
8.929999999999999716e+01,8.968300597468680246e-01
8.934999999999999432e+01,9.103839103891407936e-01
8.940000000000000568e+01,9.231163463866371988e-01
8.945000000000000284e+01,9.349874032704537097e-01
8.950000000000000000e+01,9.459594689067654105e-01
8.954999999999999716e+01,9.559974818330994051e-01
8.959999999999999432e+01,9.650691177896794093e-01
8.965000000000000568e+01,9.731449630580518706e-01
8.970000000000000284e+01,9.801986733067556967e-01
8.975000000000000000e+01,9.862071167439162567e-01
8.979999999999999716e+01,9.911505004882845693e-01
8.984999999999999432e+01,9.950124791926818757e-01
8.990000000000000568e+01,9.977802450856066985e-01
8.995000000000000284e+01,9.994445987368582029e-01
9.000000000000000000e+01,1.000000000000000000e+00
9.004999999999999716e+01,9.994445987368582029e-01
9.009999999999999432e+01,9.977802450856066985e-01
9.015000000000000568e+01,9.950124791926818757e-01
9.020000000000000284e+01,9.911505004882845693e-01
9.025000000000000000e+01,9.862071167439162567e-01
9.029999999999999716e+01,9.801986733067556967e-01
9.034999999999999432e+01,9.731449630580518706e-01
9.040000000000000568e+01,9.650691177896794093e-01
9.045000000000000284e+01,9.559974818330994051e-01
9.050000000000000000e+01,9.459594689067654105e-01
9.054999999999999716e+01,9.349874032704537097e-01
9.059999999999999432e+01,9.231163463866371988e-01
9.065000000000000568e+01,9.103839103891407936e-01
9.070000000000000284e+01,8.968300597468680246e-01
9.075000000000000000e+01,8.824969025845953441e-01
9.079999999999999716e+01,8.674284731834116524e-01
9.084999999999999432e+01,8.516705072294428192e-01
9.090000000000000568e+01,8.352702114112701137e-01
9.095000000000000284e+01,8.182760289835482315e-01
9.100000000000000000e+01,8.007374029168080609e-01
9.104999999999999716e+01,7.827045382418692521e-01
9.109999999999999432e+01,7.642281651714926127e-01
9.115000000000000568e+01,7.453593045429782737e-01
9.120000000000000284e+01,7.261490370736898292e-01
9.125000000000000000e+01,7.066482778577162227e-01
9.129999999999999716e+01,6.869075574573889620e-01
9.134999999999999432e+01,6.669768108584765987e-01
9.140000000000000568e+01,6.469051754643501129e-01
9.145000000000000284e+01,6.267407992029918606e-01
9.150000000000000000e+01,6.065306597126334243e-01
9.154999999999999716e+01,5.863203954586996280e-01
9.159999999999999432e+01,5.661541495171997784e-01
9.165000000000000568e+01,5.460744266397070668e-01
9.170000000000000284e+01,5.261219640934553521e-01
9.175000000000000000e+01,5.063356166481005616e-01
9.179999999999999716e+01,4.867522559599726795e-01
9.184999999999999432e+01,4.674066844856210046e-01
9.190000000000000568e+01,4.483315639409408693e-01
9.195000000000000284e+01,4.295573582107380939e-01
9.200000000000000000e+01,4.111122905071874500e-01
9.204999999999999716e+01,3.930223144755100595e-01
9.209999999999999432e+01,3.753110988514015700e-01
9.215000000000000568e+01,3.580000251885977480e-01
9.220000000000000284e+01,3.411081980965910976e-01
9.225000000000000000e+01,3.246524673583497389e-01
9.229999999999999716e+01,3.086474612366198467e-01
9.234999999999999432e+01,2.931056302246004552e-01
9.240000000000000568e+01,2.780373004531924153e-01
9.245000000000000284e+01,2.634507359322558750e-01
9.250000000000000000e+01,2.493522087772961637e-01
9.254999999999999716e+01,2.357460765558642424e-01
9.259999999999999432e+01,2.226348658788923907e-01
9.265000000000000568e+01,2.100193613613867694e-01
9.270000000000000284e+01,1.978986990836140436e-01
9.275000000000000000e+01,1.862704636977009498e-01
9.279999999999999716e+01,1.751307883451516112e-01
9.284999999999999432e+01,1.644744565771561196e-01
9.290000000000000568e+01,1.542950055015671895e-01
9.295000000000000284e+01,1.445848294171565851e-01
9.300000000000000000e+01,1.353352832366127023e-01
9.304999999999999716e+01,1.265367850442722653e-01
9.309999999999999432e+01,1.181789171817814454e-01
9.315000000000000568e+01,1.102505253044843841e-01
9.320000000000000284e+01,1.027398149024939811e-01
9.325000000000000000e+01,9.563444483253864814e-02
9.329999999999999716e+01,8.892161745938673145e-02
9.334999999999999432e+01,8.258816505811564235e-02
9.340000000000000568e+01,7.662063218049280922e-02
9.345000000000000284e+01,7.100535373963663688e-02
9.350000000000000000e+01,6.572852861653044609e-02
9.354999999999999716e+01,6.077628863962442757e-02
9.359999999999999432e+01,5.613476283413420392e-02
9.365000000000000568e+01,5.179013688067297255e-02
9.370000000000000284e+01,4.772870776316391617e-02
9.375000000000000000e+01,4.393693362340741343e-02
9.379999999999999716e+01,4.040147887416341982e-02
9.384999999999999432e+01,3.710925465390524369e-02
9.390000000000000568e+01,3.404745473459901139e-02
9.395000000000000284e+01,3.120358701884895503e-02
9.400000000000000000e+01,2.856550078455037667e-02
9.404999999999999716e+01,2.612140985391837172e-02
9.409999999999999432e+01,2.385991187938049998e-02
9.415000000000000568e+01,2.177000395154812112e-02
9.420000000000000284e+01,1.984109474437017323e-02
9.425000000000000000e+01,1.806301341978127500e-02
9.429999999999999716e+01,1.642601551888563452e-02
9.434999999999999432e+01,1.492078606906800144e-02
9.440000000000000568e+01,1.353844013665221266e-02
9.445000000000000284e+01,1.227052105297818385e-02
9.450000000000000000e+01,1.110899653824230608e-02
9.454999999999999716e+01,1.004625294236417311e-02
9.459999999999999432e+01,9.075087815651665044e-03
9.465000000000000568e+01,8.188701014373987730e-03
9.470000000000000284e+01,7.380684537674210045e-03
9.475000000000000000e+01,6.645011282741404221e-03
9.479999999999999716e+01,5.976022895005980023e-03
9.484999999999999432e+01,5.368416879448667522e-03
9.490000000000000568e+01,4.817233128106126160e-03
9.495000000000000284e+01,4.317840007633051182e-03
9.500000000000000000e+01,3.865920139472804086e-03
9.504999999999999716e+01,3.457455993922422567e-03
9.509999999999999432e+01,3.088715408236807330e-03
9.515000000000000568e+01,2.756237128012403118e-03
9.520000000000000284e+01,2.456816460489270101e-03
9.525000000000000000e+01,2.187491118182885094e-03
9.529999999999999716e+01,1.945527321465940953e-03
9.534999999999999432e+01,1.728406219400979195e-03
9.540000000000000568e+01,1.533810679324443954e-03
9.545000000000000284e+01,1.359612487421493418e-03
9.550000000000000000e+01,1.203859994828204022e-03
9.554999999999999716e+01,1.064766236667928070e-03
9.559999999999999432e+01,9.406975448679165148e-04
9.565000000000000568e+01,8.301626696148454087e-04
9.570000000000000284e+01,7.318024188804669178e-04
9.575000000000000000e+01,6.443798205686075741e-04
9.579999999999999716e+01,5.667708074866514064e-04
9.584999999999999432e+01,4.979554215032805332e-04
9.590000000000000568e+01,4.370095298997410871e-04
9.595000000000000284e+01,3.830970440253815340e-04
9.600000000000000000e+01,3.354626279025118532e-04
9.604999999999999716e+01,2.934248823627735869e-04
9.609999999999999432e+01,2.563699886055468701e-04
9.615000000000000568e+01,2.237457937206165689e-04
9.620000000000000284e+01,1.950563196812957960e-04
9.625000000000000000e+01,1.698566765614103785e-04
9.629999999999999716e+01,1.477483602320346949e-04
9.634999999999999432e+01,1.283749145228199140e-04
9.640000000000000568e+01,1.114179377629474890e-04
9.645000000000000284e+01,9.659341372218331785e-05
9.650000000000000000e+01,8.364834722972767347e-05
9.654999999999999716e+01,7.235768513558309926e-05
9.659999999999999432e+01,6.252150377482137175e-05
9.665000000000000568e+01,5.396244468093477084e-05
9.670000000000000284e+01,4.652338095260708748e-05
9.675000000000000000e+01,4.006529739295106870e-05
9.679999999999999716e+01,3.446536829740869345e-05
9.684999999999999432e+01,2.961521755297821627e-05
9.690000000000000568e+01,2.541934651619874914e-05
9.695000000000000284e+01,2.179371595020280242e-05
9.700000000000000000e+01,1.866446911352053717e-05
9.704999999999999716e+01,1.596678389780485885e-05
9.709999999999999432e+01,1.364384270176399950e-05
9.715000000000000568e+01,1.164590949921312239e-05
9.720000000000000284e+01,9.929504305850993059e-06
9.725000000000000000e+01,8.456665968701121430e-06
9.729999999999999716e+01,7.194294891475154232e-06
9.734999999999999432e+01,6.113567966371532636e-06
9.740000000000000568e+01,5.189418606715182709e-06
9.745000000000000284e+01,4.400075364510530066e-06
9.750000000000000000e+01,3.726653172078670938e-06
9.754999999999999716e+01,3.152791767556233415e-06
9.759999999999999432e+01,2.664336350513937653e-06
9.765000000000000568e+01,2.249055967032298457e-06
9.770000000000000284e+01,1.896395544153402004e-06
9.775000000000000000e+01,1.597257882834313520e-06
9.779999999999999716e+01,1.343812277631530946e-06
9.784999999999999432e+01,1.129326761709504143e-06
9.790000000000000568e+01,9.480212788595624359e-07
9.795000000000000284e+01,7.949393615349069787e-07
9.800000000000000000e+01,6.658361469857315029e-07
9.804999999999999716e+01,5.570807939543110737e-07
9.809999999999999432e+01,4.655715715783185612e-07
9.815000000000000568e+01,3.886620816507639444e-07
9.820000000000000284e+01,3.240972466449963848e-07
9.825000000000000000e+01,2.699578503363014081e-07
9.829999999999999716e+01,2.246125567831613741e-07
9.834999999999999432e+01,1.866764581494661275e-07
9.840000000000000568e+01,1.549753135702860747e-07
9.845000000000000284e+01,1.285147411304380676e-07
9.850000000000000000e+01,1.064537141107602414e-07
9.854999999999999716e+01,8.808179196460651065e-08
9.859999999999999432e+01,7.279958694767537425e-08
9.865000000000000568e+01,6.010202980257487827e-08
9.870000000000000284e+01,4.956405319172445178e-08
9.875000000000000000e+01,4.082836041142517987e-08
9.879999999999999716e+01,3.359498997812326402e-08
9.884999999999999432e+01,2.761242456828103716e-08
9.890000000000000568e+01,2.267002607515618341e-08
9.895000000000000284e+01,1.859160772634961111e-08
9.900000000000000000e+01,1.522997974471262915e-08
9.904999999999999716e+01,1.246232734700350049e-08
9.909999999999999432e+01,1.018629933286079421e-08
9.915000000000000568e+01,8.316702456828125724e-09
9.920000000000000284e+01,6.782711498648252982e-09
9.925000000000000000e+01,5.525517720366711436e-09
9.929999999999999716e+01,4.496349462280901489e-09
9.934999999999999432e+01,3.654808196197448203e-09
9.940000000000000568e+01,2.967471612701826059e-09
9.945000000000000284e+01,2.406722436301026403e-09
9.950000000000000000e+01,1.949767786017237700e-09
9.954999999999999716e+01,1.577819159413279982e-09
9.959999999999999432e+01,1.275407629526075794e-09
9.965000000000000568e+01,1.029812707220935419e-09
9.970000000000000284e+01,8.305866239948970589e-10
9.975000000000000000e+01,6.691586091292781558e-10
9.979999999999999716e+01,5.385061373786534765e-10
9.984999999999999432e+01,4.328821674522682112e-10
9.990000000000000568e+01,3.475891281239835680e-10
9.995000000000000284e+01,2.787918818766606644e-10
1.000000000000000000e+02,2.233631436203158243e-10
1.000499999999999972e+02,1.787558871128000310e-10
1.000999999999999943e+02,1.428981626184541779e-10
1.001500000000000057e+02,1.141065004817451579e-10
1.002000000000000028e+02,9.101470764487838147e-11
1.002500000000000000e+02,7.251539569325321777e-11
1.002999999999999972e+02,5.771202517466239768e-11
1.003499999999999943e+02,4.587962487139422109e-11
1.004000000000000057e+02,3.643265764184678265e-11
1.004500000000000028e+02,2.889876595553902609e-11
1.005000000000000000e+02,2.289734845645552983e-11
1.005499999999999972e+02,1.812210070857958405e-11
1.005999999999999943e+02,1.432680455423943241e-11
1.006500000000000057e+02,1.131377620006496570e-11
1.007000000000000028e+02,8.924487416632407127e-12
1.007500000000000000e+02,7.031960620840752324e-12
1.007999999999999972e+02,5.534610071701092670e-12
1.008499999999999943e+02,4.351260444011178072e-12
1.009000000000000057e+02,3.417122742802927527e-12
1.009500000000000028e+02,2.680547637312578334e-12
1.010000000000000000e+02,2.100409292732260208e-12
1.010499999999999972e+02,1.643999885586954192e-12
1.010999999999999943e+02,1.285337225133686672e-12
1.011500000000000057e+02,1.003806118649025927e-12
1.012000000000000028e+02,7.830690192960097383e-13
1.012500000000000000e+02,6.101936677605323931e-13
1.012999999999999972e+02,4.749553688741471478e-13
1.013499999999999943e+02,3.692796339730991317e-13
1.014000000000000057e+02,2.867975008888005907e-13
1.014500000000000028e+02,2.224911901568621960e-13
1.015000000000000000e+02,1.724120939035505927e-13
1.015499999999999972e+02,1.334566084822003525e-13
1.015999999999999943e+02,1.031881656655497743e-13
1.016500000000000057e+02,7.969611500333764160e-14
1.017000000000000028e+02,6.148396412704690683e-14
1.017500000000000000e+02,4.738097796288128902e-14
1.017999999999999972e+02,3.647234027722645625e-14
1.018499999999999943e+02,2.804404738222886642e-14
1.019000000000000057e+02,2.153947947697191757e-14
1.019500000000000028e+02,1.652521681411597143e-14
1.020000000000000000e+02,1.266416554909417554e-14
1.020499999999999972e+02,9.694455970585006717e-15
1.020999999999999943e+02,7.412893429110167872e-15
1.021500000000000057e+02,5.661995516948789479e-15
1.022000000000000028e+02,4.319850690848401020e-15
1.022500000000000000e+02,3.292193871172515962e-15
1.022999999999999972e+02,2.506221887145328120e-15
1.023499999999999943e+02,1.905772629268244857e-15
1.024000000000000057e+02,1.447571762397210685e-15
1.024500000000000028e+02,1.098314129828573760e-15
1.025000000000000000e+02,8.323969676981107123e-16
1.025499999999999972e+02,6.301614890334224356e-16
1.025999999999999943e+02,4.765304735299223897e-16
1.026500000000000057e+02,3.599539542243402772e-16
1.027000000000000028e+02,2.715943116653772284e-16
1.027500000000000000e+02,2.046971713164204313e-16
1.027999999999999972e+02,1.541063248064535434e-16
1.028499999999999943e+02,1.158901529352277925e-16
1.029000000000000057e+02,8.705426622296003039e-17
1.029500000000000028e+02,6.532073051476803921e-17
1.030000000000000000e+02,4.895865264586114000e-17
1.030499999999999972e+02,3.665433395601123265e-17
1.030999999999999943e+02,2.741186964566137577e-17
1.031500000000000057e+02,2.047714634153583065e-17
1.032000000000000028e+02,1.527979968287272164e-17
1.032500000000000000e+02,1.138894086518224875e-17
1.032999999999999972e+02,8.479426221909613432e-18
1.033499999999999943e+02,6.306189893986626797e-18
1.034000000000000057e+02,4.684735473535328060e-18
1.034500000000000028e+02,3.476326449735299123e-18
1.035000000000000000e+02,2.576757109154981043e-18
1.035499999999999972e+02,1.907848406476233097e-18
1.035999999999999943e+02,1.411015208968706288e-18
1.036500000000000057e+02,1.042406178390130362e-18
1.037000000000000028e+02,7.692361919202005364e-19
1.037500000000000000e+02,5.670219774923922465e-19
1.037999999999999972e+02,4.175010055850603250e-19
1.038499999999999943e+02,3.070666210286898984e-19
1.039000000000000057e+02,2.255927533244864431e-19
1.039500000000000028e+02,1.655522662098727212e-19
1.040000000000000000e+02,1.213563668125787536e-19
1.040499999999999972e+02,8.886023398157156017e-20
1.040999999999999943e+02,6.499347972071077102e-20
1.041500000000000057e+02,4.748424937687658237e-20
1.042000000000000028e+02,3.465347689826249253e-20
1.042500000000000000e+02,2.526163780925692549e-20
1.042999999999999972e+02,1.839473956719980227e-20
1.043499999999999943e+02,1.337960319013119723e-20
1.044000000000000057e+02,9.720985020300435786e-21
1.044500000000000028e+02,7.054963398858029051e-21
1.045000000000000000e+02,5.114423731803747206e-21
1.045499999999999972e+02,3.703531977652450034e-21
1.045999999999999943e+02,2.678878037078231344e-21
1.046500000000000057e+02,1.935562658859832881e-21
1.047000000000000028e+02,1.396943943147069194e-21
1.047500000000000000e+02,1.007089744733547215e-21
1.047999999999999972e+02,7.252284265267273216e-22
1.048499999999999943e+02,5.216736662027222869e-22
1.049000000000000057e+02,3.748352800616342638e-22
1.049500000000000028e+02,2.690292230661034039e-22
1.050000000000000000e+02,1.928749847963917821e-22
1.050499999999999972e+02,1.381242086421806046e-22
1.050999999999999943e+02,9.880550708906121841e-23
1.051500000000000057e+02,7.060085337262304852e-23
1.052000000000000028e+02,5.039137399995765122e-23
1.052500000000000000e+02,3.592691285371110321e-23
1.052999999999999972e+02,2.558592081048740387e-23
1.053499999999999943e+02,1.820118453492841319e-23
1.054000000000000057e+02,1.293348920258589399e-23
1.054500000000000028e+02,9.180137950959017256e-24
1.055000000000000000e+02,6.508788515467854292e-24
1.055499999999999972e+02,4.609656503071871708e-24
1.055999999999999943e+02,3.261027180711145090e-24
1.056500000000000057e+02,2.304399241296572516e-24
1.057000000000000028e+02,1.626591427110217792e-24
1.057500000000000000e+02,1.146876582225596044e-24
1.057999999999999972e+02,8.077413979760619503e-25
1.058499999999999943e+02,5.682578566131214141e-25
1.059000000000000057e+02,3.993337409857521130e-25
1.059500000000000028e+02,2.803135006325365878e-25
1.060000000000000000e+02,1.965483824163674357e-25
1.060499999999999972e+02,1.376614638661952040e-25
1.060999999999999943e+02,9.631030174396789721e-26
1.061500000000000057e+02,6.730549988871619913e-26
1.062000000000000028e+02,4.698354860897880431e-26
1.062500000000000000e+02,3.276110390934743293e-26
1.062999999999999972e+02,2.281858393019639663e-26
1.063499999999999943e+02,1.587582498264599991e-26
1.064000000000000057e+02,1.103319683237490611e-26
1.064500000000000028e+02,7.659208289512332503e-27
1.065000000000000000e+02,5.311092249679095210e-27
1.065499999999999972e+02,3.678758343603861022e-27
1.065999999999999943e+02,2.545283287706154876e-27
1.066500000000000057e+02,1.759091549684703828e-27
1.067000000000000028e+02,1.214390075507663514e-27
1.067500000000000000e+02,8.374240454606375895e-28
1.067999999999999972e+02,5.768329961248047915e-28
1.068499999999999943e+02,3.968918799629225280e-28
1.069000000000000057e+02,2.727795339376829853e-28
1.069500000000000028e+02,1.872702554456166370e-28
1.070000000000000000e+02,1.284231367267601212e-28
1.070499999999999972e+02,8.797012201458393469e-29
1.070999999999999943e+02,6.019280276816742480e-29
1.071500000000000057e+02,4.114067264618426416e-29
1.072000000000000028e+02,2.808766656183169239e-29
1.072500000000000000e+02,1.915478951967147905e-29
1.072999999999999972e+02,1.304837886218903061e-29
1.073499999999999943e+02,8.878777698215225527e-30
1.074000000000000057e+02,6.034860805970748337e-30
1.074500000000000028e+02,4.097309618032559964e-30
1.075000000000000000e+02,2.778739018317110183e-30
1.075499999999999972e+02,1.882409847595028493e-30
1.075999999999999943e+02,1.273790669844991867e-30
1.076500000000000057e+02,8.609925456264293997e-31
1.077000000000000028e+02,5.813238884889380202e-31
1.077500000000000000e+02,3.920616821810786253e-31
1.077999999999999972e+02,2.641241294397346876e-31
1.078499999999999943e+02,1.777375579568401807e-31
1.079000000000000057e+02,1.194724554625282516e-31
1.079500000000000028e+02,8.021836777272713791e-32
1.080000000000000000e+02,5.380186160021138245e-32
1.080499999999999972e+02,3.604443609449543635e-32
1.080999999999999943e+02,2.412107275415819643e-32
1.081500000000000057e+02,1.612398748050163798e-32
1.082000000000000028e+02,1.076628163983052999e-32
1.082500000000000000e+02,7.180860192938406135e-33
1.082999999999999972e+02,4.784148555816971885e-33
1.083499999999999943e+02,3.183833094634582567e-33
1.084000000000000057e+02,2.116476151981821465e-33
1.084500000000000028e+02,1.405380477762872324e-33
1.085000000000000000e+02,9.321630933398904993e-34
1.085499999999999972e+02,6.176000783443396901e-34
1.085999999999999943e+02,4.087334972866061990e-34
1.086500000000000057e+02,2.702032514363034412e-34
1.087000000000000028e+02,1.784260909008516378e-34
1.087500000000000000e+02,1.176910943921672278e-34
1.087999999999999972e+02,7.754365945643489120e-35
1.088499999999999943e+02,5.103480200370594767e-35
1.089000000000000057e+02,3.355088856231002545e-35
1.089500000000000028e+02,2.203226108611769802e-35
1.090000000000000000e+02,1.445212012954145837e-35
1.090499999999999972e+02,9.469379172716183768e-36
1.090999999999999943e+02,6.197676469938986344e-36
1.091500000000000057e+02,4.051853614055872426e-36
1.092000000000000028e+02,2.646037790687546999e-36
1.092500000000000000e+02,1.726059604818320087e-36
1.092999999999999972e+02,1.124690393755930690e-36
1.093499999999999943e+02,7.320278991060218434e-37
1.094000000000000057e+02,4.759263289845016412e-37
1.094500000000000028e+02,3.090788445004468308e-37
1.095000000000000000e+02,2.005008781961654071e-37
1.095499999999999972e+02,1.299214111292683316e-37
1.095999999999999943e+02,8.409353892089652776e-38
1.096500000000000057e+02,5.437033141932129329e-38
1.097000000000000028e+02,3.511387686238895628e-38
1.097500000000000000e+02,2.265233803742758095e-38
1.097999999999999972e+02,1.459703793209635800e-38
1.098499999999999943e+02,9.395802727560093978e-39
1.099000000000000057e+02,6.041162163088784579e-39
1.099500000000000028e+02,3.879935876284230983e-39
1.100000000000000000e+02,2.489121253327512548e-39
1.100499999999999972e+02,1.595089325120317430e-39
1.100999999999999943e+02,1.021036846089425044e-39
1.101500000000000057e+02,6.528528005194193967e-40
1.102000000000000028e+02,4.169716985013856726e-40
1.102500000000000000e+02,2.660206415943986632e-40
1.102999999999999972e+02,1.695280415811767396e-40
1.103499999999999943e+02,1.079158420982202742e-40
1.104000000000000057e+02,6.861930476761073219e-41
1.104500000000000028e+02,4.358377799822514800e-41
1.105000000000000000e+02,2.765163938648107875e-41
1.105499999999999972e+02,1.752404443738568483e-41
1.105999999999999943e+02,1.109341493888766833e-41
1.106500000000000057e+02,7.014772974702444619e-42
1.107000000000000028e+02,4.430772312412760597e-42
1.107500000000000000e+02,2.795520599304137287e-42
1.107999999999999972e+02,1.761827607330121304e-42
1.108499999999999943e+02,1.109127761255075409e-42
1.109000000000000057e+02,6.974566043979554758e-43
1.109500000000000028e+02,4.380969775687304240e-43
1.110000000000000000e+02,2.748785007910214747e-43
1.110499999999999972e+02,1.722775712694908158e-43
1.110999999999999943e+02,1.078534789025274392e-43
1.111500000000000057e+02,6.744612862128338071e-44
1.112000000000000028e+02,4.213057099957672283e-44
1.112500000000000000e+02,2.628785281955007704e-44
1.112999999999999972e+02,1.638439217006934572e-44
1.113499999999999943e+02,1.020053628473821378e-44
1.114000000000000057e+02,6.343561083407134374e-45
1.114500000000000028e+02,3.940584981425903568e-45
1.115000000000000000e+02,2.445151202455515526e-45
1.115499999999999972e+02,1.515542755375033715e-45
1.115999999999999943e+02,9.383138272831155856e-46
1.116500000000000057e+02,5.802905394241822234e-46
1.117000000000000028e+02,3.584761897413701115e-46
1.117500000000000000e+02,2.212038033600996231e-46
1.117999999999999972e+02,1.363459730349927543e-46
1.118499999999999943e+02,8.394783338774628303e-47
1.119000000000000057e+02,5.162904820056386253e-47
1.119500000000000028e+02,3.171729898969091213e-47
1.120000000000000000e+02,1.946326627314332334e-47
1.120499999999999972e+02,1.193033676007354123e-47
1.120999999999999943e+02,7.304779852211190549e-48
1.121500000000000057e+02,4.467648651568291742e-48
1.122000000000000028e+02,2.729407257190231165e-48
1.122500000000000000e+02,1.665616915830764109e-48
1.122999999999999972e+02,1.015311614591063405e-48
1.123499999999999943e+02,6.182171324129810184e-49
1.124000000000000057e+02,3.760106699350354494e-49
1.124500000000000028e+02,2.284424199563413770e-49
1.125000000000000000e+02,1.386343293641170600e-49
1.125499999999999972e+02,8.403926979339558964e-50
1.125999999999999943e+02,5.088751051565229107e-50
1.126500000000000057e+02,3.077921863762681964e-50
1.127000000000000028e+02,1.859608089238704317e-50
1.127500000000000000e+02,1.122283849964804598e-50
1.127999999999999972e+02,6.765524179769721160e-51
1.128499999999999943e+02,4.073968233799656955e-51
1.129000000000000057e+02,2.450480645471774668e-51
1.129500000000000028e+02,1.472320522248661685e-51
1.130000000000000000e+02,8.836309217492220946e-52
1.130499999999999972e+02,5.297328376006011464e-52
1.130999999999999943e+02,3.172198357445090813e-52
1.131500000000000057e+02,1.897497564586473422e-52
1.132000000000000028e+02,1.133755923127106802e-52
1.132500000000000000e+02,6.766675675168404233e-53
1.132999999999999972e+02,4.034118064524166322e-53
1.133499999999999943e+02,2.402366692016635972e-53
1.134000000000000057e+02,1.429050058370421365e-53
1.134500000000000028e+02,8.491277550750290564e-54
1.135000000000000000e+02,5.039832258351252818e-54
1.135499999999999972e+02,2.987972374298615414e-54
1.135999999999999943e+02,1.769516123733149238e-54
1.136500000000000057e+02,1.046766755327777604e-54
1.137000000000000028e+02,6.185328486824035808e-55
1.137500000000000000e+02,3.650842242883424034e-55
1.137999999999999972e+02,2.152488380399894971e-55
1.138499999999999943e+02,1.267669423077161536e-55
1.139000000000000057e+02,7.457421060574239439e-56
1.139500000000000028e+02,4.382165398517084059e-56
1.140000000000000000e+02,2.572209372642414812e-56
1.140499999999999972e+02,1.508138816570303664e-56
1.140999999999999943e+02,8.832705901405672618e-57
1.141500000000000057e+02,5.167299960060232290e-57
1.142000000000000028e+02,3.019611191126371290e-57
1.142500000000000000e+02,1.762608378400842032e-57
1.142999999999999972e+02,1.027727753425278393e-57
1.143499999999999943e+02,5.985739187692343425e-58
1.144000000000000057e+02,3.482370261045381039e-58
1.144500000000000028e+02,2.023715935808144444e-58
1.145000000000000000e+02,1.174739598533487329e-58
1.145499999999999972e+02,6.811631037736010023e-59
1.145999999999999943e+02,3.945282205217791861e-59
1.146500000000000057e+02,2.282561470696946497e-59
1.147000000000000028e+02,1.319120110123490186e-59
1.147500000000000000e+02,7.614890293736369701e-60
1.147999999999999972e+02,4.390969405847636641e-60
1.148499999999999943e+02,2.529150201094271584e-60
1.149000000000000057e+02,1.455145040201546647e-60
1.149500000000000028e+02,8.362870954456820641e-61
1.150000000000000000e+02,4.800892238919127879e-61
1.150499999999999972e+02,2.752998476149739691e-61
1.150999999999999943e+02,1.576911915078092285e-61
1.151500000000000057e+02,9.022488744803055568e-62
1.152000000000000028e+02,5.156591326842038103e-62
1.152500000000000000e+02,2.943855774643180051e-62
1.152999999999999972e+02,1.678756840170355150e-62
1.153499999999999943e+02,9.562611494353872024e-63
1.154000000000000057e+02,5.441049525470409749e-63
1.154500000000000028e+02,3.092475706811503274e-63
1.155000000000000000e+02,1.755688097854826509e-63
1.155499999999999972e+02,9.956481333373481900e-64
1.155999999999999943e+02,5.640035704434515574e-64
1.156500000000000057e+02,3.191356149267327379e-64
1.157000000000000028e+02,1.803790702001094785e-64
1.157500000000000000e+02,1.018390794862133208e-64
1.157999999999999972e+02,5.743283267428818064e-65
1.158499999999999943e+02,3.235366312578008083e-65
1.159000000000000057e+02,1.820556376461517656e-65
1.159500000000000028e+02,1.023298306953992709e-65
1.160000000000000000e+02,5.745367715230644500e-66
1.160499999999999972e+02,3.222187839365312691e-66
1.160999999999999943e+02,1.805100262993750094e-66
1.161500000000000057e+02,1.010111359848865480e-66
1.162000000000000028e+02,5.646178859912255357e-67
1.162500000000000000e+02,3.152517155145025358e-67
1.162999999999999972e+02,1.758238299775240598e-67
1.163499999999999943e+02,9.795248632674767732e-68
1.164000000000000057e+02,5.450930475734093408e-68
1.164500000000000028e+02,3.030004490013489289e-68
1.165000000000000000e+02,1.682415852712752778e-68
1.165499999999999972e+02,9.331272714938420129e-69
1.165999999999999943e+02,5.169706210241470743e-69
1.166500000000000057e+02,2.860937002328761410e-69
1.167000000000000028e+02,1.581496287947994955e-69
1.167500000000000000e+02,8.732639048665154361e-70
1.167999999999999972e+02,4.816596800479498711e-70
1.168499999999999943e+02,2.653704291004083287e-70
1.169000000000000057e+02,1.460434928164174325e-70
1.169500000000000028e+02,8.028406356234871594e-71
1.170000000000000000e+02,4.408531331463226361e-71
1.170499999999999972e+02,2.418109525377241407e-71
1.170999999999999943e+02,1.324876675954421594e-71
1.171500000000000057e+02,7.250907950457085175e-72
1.172000000000000028e+02,3.963937330506051263e-72
1.172500000000000000e+02,2.164604804991915741e-72
1.172999999999999972e+02,1.180722684582418628e-72
1.173499999999999943e+02,6.433312483579934931e-73
1.174000000000000057e+02,3.501376696485475823e-73
1.174500000000000028e+02,1.903533295789543443e-73
1.175000000000000000e+02,1.033712026567320257e-73
1.175499999999999972e+02,5.607329937898219503e-74
1.175999999999999943e+02,3.038296150732079663e-74
1.176500000000000057e+02,1.644453306768452699e-74
1.177000000000000028e+02,8.890587080657048898e-75
1.177500000000000000e+02,4.801277241771781829e-75
1.177999999999999972e+02,2.590004860449837441e-75
1.178499999999999943e+02,1.395602775387054720e-75
1.179000000000000057e+02,7.511739530734075824e-76
1.179500000000000028e+02,4.038654177089018245e-76
1.180000000000000000e+02,2.168953613135184545e-76
1.180499999999999972e+02,1.163539982953460214e-76
1.180999999999999943e+02,6.234904558596903458e-77
1.181500000000000057e+02,3.337303920713858209e-77
1.182000000000000028e+02,1.784346355085714562e-77
1.182500000000000000e+02,9.529717093257571968e-78
1.182999999999999972e+02,5.083915324920256625e-78
1.183499999999999943e+02,2.709156287890301328e-78
1.184000000000000057e+02,1.442073052297327370e-78
1.184500000000000028e+02,7.667572897577501078e-79
1.185000000000000000e+02,4.072358625761175429e-79
1.185499999999999972e+02,2.160486564434337805e-79
1.185999999999999943e+02,1.144918502527099640e-79
1.186500000000000057e+02,6.060591723907938035e-80
1.187000000000000028e+02,3.204593397600613821e-80
1.187500000000000000e+02,1.692576431917964567e-80
1.187999999999999972e+02,8.929786911572053245e-81
1.188499999999999943e+02,4.705993819411967004e-81
1.189000000000000057e+02,2.477302608278269372e-81
1.189500000000000028e+02,1.302639424290391454e-81
1.190000000000000000e+02,6.842059184017642557e-82
1.190499999999999972e+02,3.589772164730521817e-82
1.190999999999999943e+02,1.881327463938804266e-82
1.191500000000000057e+02,9.848710139291196194e-83
1.192000000000000028e+02,5.150053808895087446e-83
1.192500000000000000e+02,2.690057902582769741e-83
1.192999999999999972e+02,1.403553398759927878e-83
1.193499999999999943e+02,7.314989428410559324e-84
1.194000000000000057e+02,3.808166392560123484e-84
1.194500000000000028e+02,1.980320940258774874e-84
1.195000000000000000e+02,1.028661993792368676e-84
1.195499999999999972e+02,5.337369371298741030e-85
1.195999999999999943e+02,2.766299986280959679e-85
1.196500000000000057e+02,1.432150769468941833e-85
1.197000000000000028e+02,7.406203778867536051e-86
1.197500000000000000e+02,3.825780282627351004e-86
1.197999999999999972e+02,1.974066789948253225e-86
1.198499999999999943e+02,1.017468823416231134e-86
1.199000000000000057e+02,5.238390012467299365e-87
1.199500000000000028e+02,2.693965311214844064e-87
